{"country_id":"72","iso_code_2":"FI","iso_code_3":"FIN","address_format_id":"1","postcode_required":"0","status":"1","language_id":"1","name":"Finland","zone":[{"zone_id":"1085","country_id":"72","code":"AL","status":"1","language_id":"1","name":"Ahvenanmaan l\u00e4\u00e4ni","country":"Finland"},{"zone_id":"1086","country_id":"72","code":"ES","status":"1","language_id":"1","name":"Etel\u00e4-Suomen l\u00e4\u00e4ni","country":"Finland"},{"zone_id":"1087","country_id":"72","code":"IS","status":"1","language_id":"1","name":"It\u00e4-Suomen l\u00e4\u00e4ni","country":"Finland"},{"zone_id":"1088","country_id":"72","code":"LS","status":"1","language_id":"1","name":"L\u00e4nsi-Suomen l\u00e4\u00e4ni","country":"Finland"},{"zone_id":"1089","country_id":"72","code":"LA","status":"1","language_id":"1","name":"Lapin l\u00e4\u00e4ni","country":"Finland"},{"zone_id":"1090","country_id":"72","code":"OU","status":"1","language_id":"1","name":"Oulun l\u00e4\u00e4ni","country":"Finland"}]}