{"country_id":"181","iso_code_2":"WS","iso_code_3":"WSM","address_format_id":"1","postcode_required":"0","status":"1","language_id":"1","name":"Samoa","zone":[{"zone_id":"2852","country_id":"181","code":"AN","status":"1","language_id":"1","name":"A'ana","country":"Samoa"},{"zone_id":"2853","country_id":"181","code":"AI","status":"1","language_id":"1","name":"Aiga-i-le-Tai","country":"Samoa"},{"zone_id":"2854","country_id":"181","code":"AT","status":"1","language_id":"1","name":"Atua","country":"Samoa"},{"zone_id":"2855","country_id":"181","code":"FA","status":"1","language_id":"1","name":"Fa'asaleleaga","country":"Samoa"},{"zone_id":"2856","country_id":"181","code":"GE","status":"1","language_id":"1","name":"Gaga'emauga","country":"Samoa"},{"zone_id":"2857","country_id":"181","code":"GF","status":"1","language_id":"1","name":"Gagaifomauga","country":"Samoa"},{"zone_id":"2858","country_id":"181","code":"PA","status":"1","language_id":"1","name":"Palauli","country":"Samoa"},{"zone_id":"2859","country_id":"181","code":"SA","status":"1","language_id":"1","name":"Satupa'itea","country":"Samoa"},{"zone_id":"2860","country_id":"181","code":"TU","status":"1","language_id":"1","name":"Tuamasaga","country":"Samoa"},{"zone_id":"2861","country_id":"181","code":"VF","status":"1","language_id":"1","name":"Va'a-o-Fonoti","country":"Samoa"},{"zone_id":"2862","country_id":"181","code":"VS","status":"1","language_id":"1","name":"Vaisigano","country":"Samoa"}]}