{"country_id":"212","iso_code_2":"TO","iso_code_3":"TON","address_format_id":"1","postcode_required":"0","status":"1","language_id":"1","name":"Tonga","zone":[{"zone_id":"3273","country_id":"212","code":"H","status":"1","language_id":"1","name":"Ha'apai","country":"Tonga"},{"zone_id":"3274","country_id":"212","code":"T","status":"1","language_id":"1","name":"Tongatapu","country":"Tonga"},{"zone_id":"3275","country_id":"212","code":"V","status":"1","language_id":"1","name":"Vava'u","country":"Tonga"}]}