{"country_id":"125","iso_code_2":"MO","iso_code_3":"MAC","address_format_id":"1","postcode_required":"0","status":"1","language_id":"1","name":"Macau","zone":[{"zone_id":"1936","country_id":"125","code":"CAT","status":"1","language_id":"1","name":"Cathedral Parish","country":"Macau"},{"zone_id":"1933","country_id":"125","code":"OLF","status":"1","language_id":"1","name":"Our Lady Fatima Parish","country":"Macau"},{"zone_id":"1934","country_id":"125","code":"ANT","status":"1","language_id":"1","name":"St. Anthony Parish","country":"Macau"},{"zone_id":"1937","country_id":"125","code":"LAW","status":"1","language_id":"1","name":"St. Lawrence Parish","country":"Macau"},{"zone_id":"1935","country_id":"125","code":"LAZ","status":"1","language_id":"1","name":"St. Lazarus Parish","country":"Macau"}]}