{"country_id":"106","iso_code_2":"JM","iso_code_3":"JAM","address_format_id":"1","postcode_required":"0","status":"1","language_id":"1","name":"Jamaica","zone":[{"zone_id":"1643","country_id":"106","code":"CLA","status":"1","language_id":"1","name":"Clarendon Parish","country":"Jamaica"},{"zone_id":"1644","country_id":"106","code":"HAN","status":"1","language_id":"1","name":"Hanover Parish","country":"Jamaica"},{"zone_id":"1645","country_id":"106","code":"KIN","status":"1","language_id":"1","name":"Kingston Parish","country":"Jamaica"},{"zone_id":"1646","country_id":"106","code":"MAN","status":"1","language_id":"1","name":"Manchester Parish","country":"Jamaica"},{"zone_id":"1647","country_id":"106","code":"POR","status":"1","language_id":"1","name":"Portland Parish","country":"Jamaica"},{"zone_id":"1648","country_id":"106","code":"AND","status":"1","language_id":"1","name":"Saint Andrew Parish","country":"Jamaica"},{"zone_id":"1649","country_id":"106","code":"ANN","status":"1","language_id":"1","name":"Saint Ann Parish","country":"Jamaica"},{"zone_id":"1650","country_id":"106","code":"CAT","status":"1","language_id":"1","name":"Saint Catherine Parish","country":"Jamaica"},{"zone_id":"1651","country_id":"106","code":"ELI","status":"1","language_id":"1","name":"Saint Elizabeth Parish","country":"Jamaica"},{"zone_id":"1652","country_id":"106","code":"JAM","status":"1","language_id":"1","name":"Saint James Parish","country":"Jamaica"},{"zone_id":"1653","country_id":"106","code":"MAR","status":"1","language_id":"1","name":"Saint Mary Parish","country":"Jamaica"},{"zone_id":"1654","country_id":"106","code":"THO","status":"1","language_id":"1","name":"Saint Thomas Parish","country":"Jamaica"},{"zone_id":"1655","country_id":"106","code":"TRL","status":"1","language_id":"1","name":"Trelawny Parish","country":"Jamaica"},{"zone_id":"1656","country_id":"106","code":"WML","status":"1","language_id":"1","name":"Westmoreland Parish","country":"Jamaica"}]}