{"country_id":"26","iso_code_2":"BO","iso_code_3":"BOL","address_format_id":"1","postcode_required":"0","status":"1","language_id":"1","name":"Bolivia","zone":[{"zone_id":"403","country_id":"26","code":"BEN","status":"1","language_id":"1","name":"Beni","country":"Bolivia"},{"zone_id":"404","country_id":"26","code":"CHU","status":"1","language_id":"1","name":"Chuquisaca","country":"Bolivia"},{"zone_id":"405","country_id":"26","code":"COC","status":"1","language_id":"1","name":"Cochabamba","country":"Bolivia"},{"zone_id":"406","country_id":"26","code":"LPZ","status":"1","language_id":"1","name":"La Paz","country":"Bolivia"},{"zone_id":"407","country_id":"26","code":"ORU","status":"1","language_id":"1","name":"Oruro","country":"Bolivia"},{"zone_id":"408","country_id":"26","code":"PAN","status":"1","language_id":"1","name":"Pando","country":"Bolivia"},{"zone_id":"409","country_id":"26","code":"POT","status":"1","language_id":"1","name":"Potosi","country":"Bolivia"},{"zone_id":"410","country_id":"26","code":"SCZ","status":"1","language_id":"1","name":"Santa Cruz","country":"Bolivia"},{"zone_id":"411","country_id":"26","code":"TAR","status":"1","language_id":"1","name":"Tarija","country":"Bolivia"}]}