{"zone":[{"zone_id":"2288","country_id":"147","name":"Caprivi","code":"CA","status":"1"},{"zone_id":"2289","country_id":"147","name":"Erongo","code":"ER","status":"1"},{"zone_id":"2290","country_id":"147","name":"Hardap","code":"HA","status":"1"},{"zone_id":"2291","country_id":"147","name":"Karas","code":"KR","status":"1"},{"zone_id":"2292","country_id":"147","name":"Kavango","code":"KV","status":"1"},{"zone_id":"2293","country_id":"147","name":"Khomas","code":"KH","status":"1"},{"zone_id":"2294","country_id":"147","name":"Kunene","code":"KU","status":"1"},{"zone_id":"2295","country_id":"147","name":"Ohangwena","code":"OW","status":"1"},{"zone_id":"2296","country_id":"147","name":"Omaheke","code":"OK","status":"1"},{"zone_id":"2297","country_id":"147","name":"Omusati","code":"OT","status":"1"},{"zone_id":"2298","country_id":"147","name":"Oshana","code":"ON","status":"1"},{"zone_id":"2299","country_id":"147","name":"Oshikoto","code":"OO","status":"1"},{"zone_id":"2300","country_id":"147","name":"Otjozondjupa","code":"OJ","status":"1"}],"country_id":"147","name":"Namibia","iso_code_2":"NA","iso_code_3":"NAM","address_format_id":"1","postcode_required":"0","status":"1"}