{"zone":[{"zone_id":"1467","country_id":"98","name":"Austurland","code":"AL","status":"1"},{"zone_id":"1468","country_id":"98","name":"Hofuoborgarsvaeoi","code":"HF","status":"1"},{"zone_id":"1469","country_id":"98","name":"Norourland eystra","code":"NE","status":"1"},{"zone_id":"1470","country_id":"98","name":"Norourland vestra","code":"NV","status":"1"},{"zone_id":"1471","country_id":"98","name":"Suourland","code":"SL","status":"1"},{"zone_id":"1472","country_id":"98","name":"Suournes","code":"SN","status":"1"},{"zone_id":"1473","country_id":"98","name":"Vestfiroir","code":"VF","status":"1"},{"zone_id":"1474","country_id":"98","name":"Vesturland","code":"VL","status":"1"}],"country_id":"98","name":"Iceland","iso_code_2":"IS","iso_code_3":"ISL","address_format_id":"1","postcode_required":"0","status":"1"}