{"zone":[{"zone_id":"1114","country_id":"74","name":"Ain","code":"01","status":"1"},{"zone_id":"1115","country_id":"74","name":"Aisne","code":"02","status":"1"},{"zone_id":"1116","country_id":"74","name":"Allier","code":"03","status":"1"},{"zone_id":"1117","country_id":"74","name":"Alpes de Haute Provence","code":"04","status":"1"},{"zone_id":"1119","country_id":"74","name":"Alpes Maritimes","code":"06","status":"1"},{"zone_id":"1120","country_id":"74","name":"Ard&egrave;che","code":"07","status":"1"},{"zone_id":"1121","country_id":"74","name":"Ardennes","code":"08","status":"1"},{"zone_id":"1122","country_id":"74","name":"Ari&egrave;ge","code":"09","status":"1"},{"zone_id":"1123","country_id":"74","name":"Aube","code":"10","status":"1"},{"zone_id":"1124","country_id":"74","name":"Aude","code":"11","status":"1"},{"zone_id":"1125","country_id":"74","name":"Aveyron","code":"12","status":"1"},{"zone_id":"1181","country_id":"74","name":"Bas Rhin","code":"67","status":"1"},{"zone_id":"1126","country_id":"74","name":"Bouches du Rh&ocirc;ne","code":"13","status":"1"},{"zone_id":"1135","country_id":"74","name":"C&ocirc;te d&#039;or","code":"21","status":"1"},{"zone_id":"1136","country_id":"74","name":"C&ocirc;tes d&#039;Armor","code":"22","status":"1"},{"zone_id":"1127","country_id":"74","name":"Calvados","code":"14","status":"1"},{"zone_id":"1128","country_id":"74","name":"Cantal","code":"15","status":"1"},{"zone_id":"1129","country_id":"74","name":"Charente","code":"16","status":"1"},{"zone_id":"1130","country_id":"74","name":"Charente Maritime","code":"17","status":"1"},{"zone_id":"1131","country_id":"74","name":"Cher","code":"18","status":"1"},{"zone_id":"1132","country_id":"74","name":"Corr&egrave;ze","code":"19","status":"1"},{"zone_id":"1133","country_id":"74","name":"Corse du Sud","code":"2A","status":"1"},{"zone_id":"1137","country_id":"74","name":"Creuse","code":"23","status":"1"},{"zone_id":"1193","country_id":"74","name":"Deux S&egrave;vres","code":"79","status":"1"},{"zone_id":"1138","country_id":"74","name":"Dordogne","code":"24","status":"1"},{"zone_id":"1139","country_id":"74","name":"Doubs","code":"25","status":"1"},{"zone_id":"1140","country_id":"74","name":"Dr&ocirc;me","code":"26","status":"1"},{"zone_id":"1205","country_id":"74","name":"Essonne","code":"91","status":"1"},{"zone_id":"1141","country_id":"74","name":"Eure","code":"27","status":"1"},{"zone_id":"1142","country_id":"74","name":"Eure et Loir","code":"28","status":"1"},{"zone_id":"1143","country_id":"74","name":"Finist&egrave;re","code":"29","status":"1"},{"zone_id":"1144","country_id":"74","name":"Gard","code":"30","status":"1"},{"zone_id":"1146","country_id":"74","name":"Gers","code":"32","status":"1"},{"zone_id":"1147","country_id":"74","name":"Gironde","code":"33","status":"1"},{"zone_id":"1148","country_id":"74","name":"H&eacute;rault","code":"34","status":"1"},{"zone_id":"1182","country_id":"74","name":"Haut Rhin","code":"68","status":"1"},{"zone_id":"1134","country_id":"74","name":"Haute Corse","code":"2B","status":"1"},{"zone_id":"1145","country_id":"74","name":"Haute Garonne","code":"31","status":"1"},{"zone_id":"1157","country_id":"74","name":"Haute Loire","code":"43","status":"1"},{"zone_id":"1166","country_id":"74","name":"Haute Marne","code":"52","status":"1"},{"zone_id":"1184","country_id":"74","name":"Haute Sa&ocirc;ne","code":"70","status":"1"},{"zone_id":"1188","country_id":"74","name":"Haute Savoie","code":"74","status":"1"},{"zone_id":"1201","country_id":"74","name":"Haute Vienne","code":"87","status":"1"},{"zone_id":"1179","country_id":"74","name":"Hautes Pyr&eacute;n&eacute;es","code":"65","status":"1"},{"zone_id":"1118","country_id":"74","name":"Hautes-Alpes","code":"05","status":"1"},{"zone_id":"1206","country_id":"74","name":"Hauts de Seine","code":"92","status":"1"},{"zone_id":"1149","country_id":"74","name":"Ille et Vilaine","code":"35","status":"1"},{"zone_id":"1150","country_id":"74","name":"Indre","code":"36","status":"1"},{"zone_id":"1151","country_id":"74","name":"Indre et Loire","code":"37","status":"1"},{"zone_id":"1152","country_id":"74","name":"Is&eacute;re","code":"38","status":"1"},{"zone_id":"1153","country_id":"74","name":"Jura","code":"39","status":"1"},{"zone_id":"1154","country_id":"74","name":"Landes","code":"40","status":"1"},{"zone_id":"1155","country_id":"74","name":"Loir et Cher","code":"41","status":"1"},{"zone_id":"1156","country_id":"74","name":"Loire","code":"42","status":"1"},{"zone_id":"1158","country_id":"74","name":"Loire Atlantique","code":"44","status":"1"},{"zone_id":"1159","country_id":"74","name":"Loiret","code":"45","status":"1"},{"zone_id":"1160","country_id":"74","name":"Lot","code":"46","status":"1"},{"zone_id":"1161","country_id":"74","name":"Lot et Garonne","code":"47","status":"1"},{"zone_id":"1162","country_id":"74","name":"Loz&egrave;re","code":"48","status":"1"},{"zone_id":"1163","country_id":"74","name":"Maine et Loire","code":"49","status":"1"},{"zone_id":"1164","country_id":"74","name":"Manche","code":"50","status":"1"},{"zone_id":"1165","country_id":"74","name":"Marne","code":"51","status":"1"},{"zone_id":"1167","country_id":"74","name":"Mayenne","code":"53","status":"1"},{"zone_id":"1168","country_id":"74","name":"Meurthe et Moselle","code":"54","status":"1"},{"zone_id":"1169","country_id":"74","name":"Meuse","code":"55","status":"1"},{"zone_id":"1170","country_id":"74","name":"Morbihan","code":"56","status":"1"},{"zone_id":"1171","country_id":"74","name":"Moselle","code":"57","status":"1"},{"zone_id":"1172","country_id":"74","name":"Ni&egrave;vre","code":"58","status":"1"},{"zone_id":"1173","country_id":"74","name":"Nord","code":"59","status":"1"},{"zone_id":"1174","country_id":"74","name":"Oise","code":"60","status":"1"},{"zone_id":"1175","country_id":"74","name":"Orne","code":"61","status":"1"},{"zone_id":"1189","country_id":"74","name":"Paris","code":"75","status":"1"},{"zone_id":"1176","country_id":"74","name":"Pas de Calais","code":"62","status":"1"},{"zone_id":"1177","country_id":"74","name":"Puy de D&ocirc;me","code":"63","status":"1"},{"zone_id":"1178","country_id":"74","name":"Pyr&eacute;n&eacute;es Atlantiques","code":"64","status":"1"},{"zone_id":"1180","country_id":"74","name":"Pyr&eacute;n&eacute;es Orientales","code":"66","status":"1"},{"zone_id":"1183","country_id":"74","name":"Rh&ocirc;ne","code":"69","status":"1"},{"zone_id":"1185","country_id":"74","name":"Sa&ocirc;ne et Loire","code":"71","status":"1"},{"zone_id":"1186","country_id":"74","name":"Sarthe","code":"72","status":"1"},{"zone_id":"1187","country_id":"74","name":"Savoie","code":"73","status":"1"},{"zone_id":"1191","country_id":"74","name":"Seine et Marne","code":"77","status":"1"},{"zone_id":"1190","country_id":"74","name":"Seine Maritime","code":"76","status":"1"},{"zone_id":"1207","country_id":"74","name":"Seine St-Denis","code":"93","status":"1"},{"zone_id":"1194","country_id":"74","name":"Somme","code":"80","status":"1"},{"zone_id":"1195","country_id":"74","name":"Tarn","code":"81","status":"1"},{"zone_id":"1196","country_id":"74","name":"Tarn et Garonne","code":"82","status":"1"},{"zone_id":"1204","country_id":"74","name":"Territoire de Belfort","code":"90","status":"1"},{"zone_id":"1209","country_id":"74","name":"Val d'Oise","code":"95","status":"1"},{"zone_id":"1208","country_id":"74","name":"Val de Marne","code":"94","status":"1"},{"zone_id":"1197","country_id":"74","name":"Var","code":"83","status":"1"},{"zone_id":"1198","country_id":"74","name":"Vaucluse","code":"84","status":"1"},{"zone_id":"1199","country_id":"74","name":"Vend&eacute;e","code":"85","status":"1"},{"zone_id":"1200","country_id":"74","name":"Vienne","code":"86","status":"1"},{"zone_id":"1202","country_id":"74","name":"Vosges","code":"88","status":"1"},{"zone_id":"1203","country_id":"74","name":"Yonne","code":"89","status":"1"},{"zone_id":"1192","country_id":"74","name":"Yvelines","code":"78","status":"1"}],"country_id":"74","name":"France, Metropolitan","iso_code_2":"FR","iso_code_3":"FRA","address_format_id":"1","postcode_required":"1","status":"1"}