{"zone":[{"zone_id":"1270","country_id":"82","name":"Ashanti Region","code":"AS","status":"1"},{"zone_id":"1271","country_id":"82","name":"Brong-Ahafo Region","code":"BA","status":"1"},{"zone_id":"1272","country_id":"82","name":"Central Region","code":"CE","status":"1"},{"zone_id":"1273","country_id":"82","name":"Eastern Region","code":"EA","status":"1"},{"zone_id":"1274","country_id":"82","name":"Greater Accra Region","code":"GA","status":"1"},{"zone_id":"1275","country_id":"82","name":"Northern Region","code":"NO","status":"1"},{"zone_id":"1276","country_id":"82","name":"Upper East Region","code":"UE","status":"1"},{"zone_id":"1277","country_id":"82","name":"Upper West Region","code":"UW","status":"1"},{"zone_id":"1278","country_id":"82","name":"Volta Region","code":"VO","status":"1"},{"zone_id":"1279","country_id":"82","name":"Western Region","code":"WE","status":"1"}],"country_id":"82","name":"Ghana","iso_code_2":"GH","iso_code_3":"GHA","address_format_id":"1","postcode_required":"0","status":"1"}