{"zone":[{"zone_id":"3842","country_id":"105","name":"Agrigento","code":"AG","status":"1"},{"zone_id":"3843","country_id":"105","name":"Alessandria","code":"AL","status":"1"},{"zone_id":"3844","country_id":"105","name":"Ancona","code":"AN","status":"1"},{"zone_id":"3845","country_id":"105","name":"Aosta","code":"AO","status":"1"},{"zone_id":"3846","country_id":"105","name":"Arezzo","code":"AR","status":"1"},{"zone_id":"3847","country_id":"105","name":"Ascoli Piceno","code":"AP","status":"1"},{"zone_id":"3848","country_id":"105","name":"Asti","code":"AT","status":"1"},{"zone_id":"3849","country_id":"105","name":"Avellino","code":"AV","status":"1"},{"zone_id":"3850","country_id":"105","name":"Bari","code":"BA","status":"1"},{"zone_id":"4236","country_id":"105","name":"Barletta-Andria-Trani","code":"BT","status":"1"},{"zone_id":"3851","country_id":"105","name":"Belluno","code":"BL","status":"1"},{"zone_id":"3852","country_id":"105","name":"Benevento","code":"BN","status":"1"},{"zone_id":"3853","country_id":"105","name":"Bergamo","code":"BG","status":"1"},{"zone_id":"3854","country_id":"105","name":"Biella","code":"BI","status":"1"},{"zone_id":"3855","country_id":"105","name":"Bologna","code":"BO","status":"1"},{"zone_id":"3856","country_id":"105","name":"Bolzano","code":"BZ","status":"1"},{"zone_id":"3857","country_id":"105","name":"Brescia","code":"BS","status":"1"},{"zone_id":"3858","country_id":"105","name":"Brindisi","code":"BR","status":"1"},{"zone_id":"3859","country_id":"105","name":"Cagliari","code":"CA","status":"1"},{"zone_id":"3860","country_id":"105","name":"Caltanissetta","code":"CL","status":"1"},{"zone_id":"3861","country_id":"105","name":"Campobasso","code":"CB","status":"1"},{"zone_id":"3863","country_id":"105","name":"Caserta","code":"CE","status":"1"},{"zone_id":"3864","country_id":"105","name":"Catania","code":"CT","status":"1"},{"zone_id":"3865","country_id":"105","name":"Catanzaro","code":"CZ","status":"1"},{"zone_id":"3866","country_id":"105","name":"Chieti","code":"CH","status":"1"},{"zone_id":"3867","country_id":"105","name":"Como","code":"CO","status":"1"},{"zone_id":"4440","country_id":"105","name":"Como, Campione d\u2019Italia and terretory Lake Lugano","code":"CO-E01","status":"1"},{"zone_id":"3868","country_id":"105","name":"Cosenza","code":"CS","status":"1"},{"zone_id":"3869","country_id":"105","name":"Cremona","code":"CR","status":"1"},{"zone_id":"3870","country_id":"105","name":"Crotone","code":"KR","status":"1"},{"zone_id":"3871","country_id":"105","name":"Cuneo","code":"CN","status":"1"},{"zone_id":"3872","country_id":"105","name":"Enna","code":"EN","status":"1"},{"zone_id":"4237","country_id":"105","name":"Fermo","code":"FM","status":"1"},{"zone_id":"3873","country_id":"105","name":"Ferrara","code":"FE","status":"1"},{"zone_id":"3874","country_id":"105","name":"Firenze","code":"FI","status":"1"},{"zone_id":"3875","country_id":"105","name":"Foggia","code":"FG","status":"1"},{"zone_id":"3876","country_id":"105","name":"Forli-Cesena","code":"FC","status":"1"},{"zone_id":"3877","country_id":"105","name":"Frosinone","code":"FR","status":"1"},{"zone_id":"3878","country_id":"105","name":"Genova","code":"GE","status":"1"},{"zone_id":"3879","country_id":"105","name":"Gorizia","code":"GO","status":"1"},{"zone_id":"3880","country_id":"105","name":"Grosseto","code":"GR","status":"1"},{"zone_id":"3881","country_id":"105","name":"Imperia","code":"IM","status":"1"},{"zone_id":"3882","country_id":"105","name":"Isernia","code":"IS","status":"1"},{"zone_id":"3883","country_id":"105","name":"L&#39;Aquila","code":"AQ","status":"1"},{"zone_id":"3884","country_id":"105","name":"La Spezia","code":"SP","status":"1"},{"zone_id":"3885","country_id":"105","name":"Latina","code":"LT","status":"1"},{"zone_id":"3886","country_id":"105","name":"Lecce","code":"LE","status":"1"},{"zone_id":"3887","country_id":"105","name":"Lecco","code":"LC","status":"1"},{"zone_id":"3888","country_id":"105","name":"Livorno","code":"LI","status":"1"},{"zone_id":"3889","country_id":"105","name":"Lodi","code":"LO","status":"1"},{"zone_id":"3890","country_id":"105","name":"Lucca","code":"LU","status":"1"},{"zone_id":"3891","country_id":"105","name":"Macerata","code":"MC","status":"1"},{"zone_id":"3892","country_id":"105","name":"Mantova","code":"MN","status":"1"},{"zone_id":"3893","country_id":"105","name":"Massa-Carrara","code":"MS","status":"1"},{"zone_id":"3894","country_id":"105","name":"Matera","code":"MT","status":"1"},{"zone_id":"3896","country_id":"105","name":"Messina","code":"ME","status":"1"},{"zone_id":"3897","country_id":"105","name":"Milano","code":"MI","status":"1"},{"zone_id":"3898","country_id":"105","name":"Modena","code":"MO","status":"1"},{"zone_id":"4238","country_id":"105","name":"Monza Brianza","code":"MB","status":"1"},{"zone_id":"3899","country_id":"105","name":"Napoli","code":"NA","status":"1"},{"zone_id":"3900","country_id":"105","name":"Novara","code":"NO","status":"1"},{"zone_id":"3901","country_id":"105","name":"Nuoro","code":"NU","status":"1"},{"zone_id":"3904","country_id":"105","name":"Oristano","code":"OR","status":"1"},{"zone_id":"3905","country_id":"105","name":"Padova","code":"PD","status":"1"},{"zone_id":"3906","country_id":"105","name":"Palermo","code":"PA","status":"1"},{"zone_id":"3907","country_id":"105","name":"Parma","code":"PR","status":"1"},{"zone_id":"3908","country_id":"105","name":"Pavia","code":"PV","status":"1"},{"zone_id":"3909","country_id":"105","name":"Perugia","code":"PG","status":"1"},{"zone_id":"3910","country_id":"105","name":"Pesaro e Urbino","code":"PU","status":"1"},{"zone_id":"3911","country_id":"105","name":"Pescara","code":"PE","status":"1"},{"zone_id":"3912","country_id":"105","name":"Piacenza","code":"PC","status":"1"},{"zone_id":"3913","country_id":"105","name":"Pisa","code":"PI","status":"1"},{"zone_id":"3914","country_id":"105","name":"Pistoia","code":"PT","status":"1"},{"zone_id":"3915","country_id":"105","name":"Pordenone","code":"PN","status":"1"},{"zone_id":"3916","country_id":"105","name":"Potenza","code":"PZ","status":"1"},{"zone_id":"3917","country_id":"105","name":"Prato","code":"PO","status":"1"},{"zone_id":"3918","country_id":"105","name":"Ragusa","code":"RG","status":"1"},{"zone_id":"3919","country_id":"105","name":"Ravenna","code":"RA","status":"1"},{"zone_id":"3920","country_id":"105","name":"Reggio Calabria","code":"RC","status":"1"},{"zone_id":"3921","country_id":"105","name":"Reggio Emilia","code":"RE","status":"1"},{"zone_id":"3922","country_id":"105","name":"Rieti","code":"RI","status":"1"},{"zone_id":"3923","country_id":"105","name":"Rimini","code":"RN","status":"1"},{"zone_id":"3924","country_id":"105","name":"Roma","code":"RM","status":"1"},{"zone_id":"3925","country_id":"105","name":"Rovigo","code":"RO","status":"1"},{"zone_id":"3926","country_id":"105","name":"Salerno","code":"SA","status":"1"},{"zone_id":"3927","country_id":"105","name":"Sassari","code":"SS","status":"1"},{"zone_id":"3928","country_id":"105","name":"Savona","code":"SV","status":"1"},{"zone_id":"3929","country_id":"105","name":"Siena","code":"SI","status":"1"},{"zone_id":"3930","country_id":"105","name":"Siracusa","code":"SR","status":"1"},{"zone_id":"3931","country_id":"105","name":"Sondrio","code":"SO","status":"1"},{"zone_id":"4439","country_id":"105","name":"Sondrio, Livigno","code":"SO-E01","status":"1"},{"zone_id":"3932","country_id":"105","name":"Taranto","code":"TA","status":"1"},{"zone_id":"3933","country_id":"105","name":"Teramo","code":"TE","status":"1"},{"zone_id":"3934","country_id":"105","name":"Terni","code":"TR","status":"1"},{"zone_id":"3935","country_id":"105","name":"Torino","code":"TO","status":"1"},{"zone_id":"3936","country_id":"105","name":"Trapani","code":"TP","status":"1"},{"zone_id":"3937","country_id":"105","name":"Trento","code":"TN","status":"1"},{"zone_id":"3938","country_id":"105","name":"Treviso","code":"TV","status":"1"},{"zone_id":"3939","country_id":"105","name":"Trieste","code":"TS","status":"1"},{"zone_id":"3940","country_id":"105","name":"Udine","code":"UD","status":"1"},{"zone_id":"3941","country_id":"105","name":"Varese","code":"VA","status":"1"},{"zone_id":"3942","country_id":"105","name":"Venezia","code":"VE","status":"1"},{"zone_id":"3943","country_id":"105","name":"Verbano-Cusio-Ossola","code":"VB","status":"1"},{"zone_id":"3944","country_id":"105","name":"Vercelli","code":"VC","status":"1"},{"zone_id":"3945","country_id":"105","name":"Verona","code":"VR","status":"1"},{"zone_id":"3946","country_id":"105","name":"Vibo Valentia","code":"VV","status":"1"},{"zone_id":"3947","country_id":"105","name":"Vicenza","code":"VI","status":"1"},{"zone_id":"3948","country_id":"105","name":"Viterbo","code":"VT","status":"1"}],"country_id":"105","name":"Italy","iso_code_2":"IT","iso_code_3":"ITA","address_format_id":"1","postcode_required":"0","status":"1"}