{"zone":[{"zone_id":"1027","country_id":"64","name":"Ahuachapan","code":"AH","status":"1"},{"zone_id":"1028","country_id":"64","name":"Cabanas","code":"CA","status":"1"},{"zone_id":"1029","country_id":"64","name":"Chalatenango","code":"CH","status":"1"},{"zone_id":"1030","country_id":"64","name":"Cuscatlan","code":"CU","status":"1"},{"zone_id":"1031","country_id":"64","name":"La Libertad","code":"LB","status":"1"},{"zone_id":"1032","country_id":"64","name":"La Paz","code":"PZ","status":"1"},{"zone_id":"1033","country_id":"64","name":"La Union","code":"UN","status":"1"},{"zone_id":"1034","country_id":"64","name":"Morazan","code":"MO","status":"1"},{"zone_id":"1035","country_id":"64","name":"San Miguel","code":"SM","status":"1"},{"zone_id":"1036","country_id":"64","name":"San Salvador","code":"SS","status":"1"},{"zone_id":"1037","country_id":"64","name":"San Vicente","code":"SV","status":"1"},{"zone_id":"1038","country_id":"64","name":"Santa Ana","code":"SA","status":"1"},{"zone_id":"1039","country_id":"64","name":"Sonsonate","code":"SO","status":"1"},{"zone_id":"1040","country_id":"64","name":"Usulutan","code":"US","status":"1"}],"country_id":"64","name":"El Salvador","iso_code_2":"SV","iso_code_3":"SLV","address_format_id":"1","postcode_required":"0","status":"1"}