{"zone":[{"zone_id":"1280","country_id":"84","name":"Attica","code":"AT","status":"1"},{"zone_id":"1281","country_id":"84","name":"Central Greece","code":"CN","status":"1"},{"zone_id":"1282","country_id":"84","name":"Central Macedonia","code":"CM","status":"1"},{"zone_id":"1283","country_id":"84","name":"Crete","code":"CR","status":"1"},{"zone_id":"1284","country_id":"84","name":"East Macedonia and Thrace","code":"EM","status":"1"},{"zone_id":"1285","country_id":"84","name":"Epirus","code":"EP","status":"1"},{"zone_id":"1286","country_id":"84","name":"Ionian Islands","code":"II","status":"1"},{"zone_id":"4441","country_id":"84","name":"Mount Athos","code":"AO","status":"1"},{"zone_id":"1287","country_id":"84","name":"North Aegean","code":"NA","status":"1"},{"zone_id":"1288","country_id":"84","name":"Peloponnesos","code":"PP","status":"1"},{"zone_id":"1289","country_id":"84","name":"South Aegean","code":"SA","status":"1"},{"zone_id":"1290","country_id":"84","name":"Thessaly","code":"TH","status":"1"},{"zone_id":"1291","country_id":"84","name":"West Greece","code":"WG","status":"1"},{"zone_id":"1292","country_id":"84","name":"West Macedonia","code":"WM","status":"1"}],"country_id":"84","name":"Greece","iso_code_2":"GR","iso_code_3":"GRC","address_format_id":"1","postcode_required":"0","status":"1"}