{"zone":[{"zone_id":"3418","country_id":"218","name":"Funafuti","code":"FUN","status":"1"},{"zone_id":"3415","country_id":"218","name":"Nanumanga","code":"NMG","status":"1"},{"zone_id":"3419","country_id":"218","name":"Nanumea","code":"NME","status":"1"},{"zone_id":"3416","country_id":"218","name":"Niulakita","code":"NLK","status":"1"},{"zone_id":"3417","country_id":"218","name":"Niutao","code":"NTO","status":"1"},{"zone_id":"3420","country_id":"218","name":"Nui","code":"NUI","status":"1"},{"zone_id":"3421","country_id":"218","name":"Nukufetau","code":"NFT","status":"1"},{"zone_id":"3422","country_id":"218","name":"Nukulaelae","code":"NLL","status":"1"},{"zone_id":"3423","country_id":"218","name":"Vaitupu","code":"VAI","status":"1"}],"country_id":"218","name":"Tuvalu","iso_code_2":"TV","iso_code_3":"TUV","address_format_id":"1","postcode_required":"0","status":"1"}