{"zone":[{"zone_id":"479","country_id":"33","name":"Blagoevgrad","code":"","status":"1"},{"zone_id":"480","country_id":"33","name":"Burgas","code":"","status":"1"},{"zone_id":"481","country_id":"33","name":"Dobrich","code":"","status":"1"},{"zone_id":"482","country_id":"33","name":"Gabrovo","code":"","status":"1"},{"zone_id":"483","country_id":"33","name":"Haskovo","code":"","status":"1"},{"zone_id":"484","country_id":"33","name":"Kardjali","code":"","status":"1"},{"zone_id":"485","country_id":"33","name":"Kyustendil","code":"","status":"1"},{"zone_id":"486","country_id":"33","name":"Lovech","code":"","status":"1"},{"zone_id":"487","country_id":"33","name":"Montana","code":"","status":"1"},{"zone_id":"488","country_id":"33","name":"Pazardjik","code":"","status":"1"},{"zone_id":"489","country_id":"33","name":"Pernik","code":"","status":"1"},{"zone_id":"490","country_id":"33","name":"Pleven","code":"","status":"1"},{"zone_id":"491","country_id":"33","name":"Plovdiv","code":"","status":"1"},{"zone_id":"492","country_id":"33","name":"Razgrad","code":"","status":"1"},{"zone_id":"3968","country_id":"33","name":"Ruse","code":"","status":"1"},{"zone_id":"493","country_id":"33","name":"Shumen","code":"","status":"1"},{"zone_id":"494","country_id":"33","name":"Silistra","code":"","status":"1"},{"zone_id":"495","country_id":"33","name":"Sliven","code":"","status":"1"},{"zone_id":"496","country_id":"33","name":"Smolyan","code":"","status":"1"},{"zone_id":"497","country_id":"33","name":"Sofia","code":"","status":"1"},{"zone_id":"498","country_id":"33","name":"Sofia - town","code":"","status":"1"},{"zone_id":"499","country_id":"33","name":"Stara Zagora","code":"","status":"1"},{"zone_id":"500","country_id":"33","name":"Targovishte","code":"","status":"1"},{"zone_id":"501","country_id":"33","name":"Varna","code":"","status":"1"},{"zone_id":"502","country_id":"33","name":"Veliko Tarnovo","code":"","status":"1"},{"zone_id":"503","country_id":"33","name":"Vidin","code":"","status":"1"},{"zone_id":"504","country_id":"33","name":"Vratza","code":"","status":"1"},{"zone_id":"505","country_id":"33","name":"Yambol","code":"","status":"1"}],"country_id":"33","name":"Bulgaria","iso_code_2":"BG","iso_code_3":"BGR","address_format_id":"1","postcode_required":"0","status":"1"}