{"zone":[{"zone_id":"3189","country_id":"209","name":"Amnat Charoen","code":"37","status":"1"},{"zone_id":"3190","country_id":"209","name":"Ang Thong","code":"15","status":"1"},{"zone_id":"3192","country_id":"209","name":"Bangkok","code":"10","status":"1"},{"zone_id":"3193","country_id":"209","name":"Buri Ram","code":"31","status":"1"},{"zone_id":"3194","country_id":"209","name":"Chachoengsao","code":"24","status":"1"},{"zone_id":"3195","country_id":"209","name":"Chai Nat","code":"18","status":"1"},{"zone_id":"3196","country_id":"209","name":"Chaiyaphum","code":"36","status":"1"},{"zone_id":"3197","country_id":"209","name":"Chanthaburi","code":"22","status":"1"},{"zone_id":"3198","country_id":"209","name":"Chiang Mai","code":"50","status":"1"},{"zone_id":"3199","country_id":"209","name":"Chiang Rai","code":"57","status":"1"},{"zone_id":"3200","country_id":"209","name":"Chon Buri","code":"20","status":"1"},{"zone_id":"3201","country_id":"209","name":"Chumphon","code":"86","status":"1"},{"zone_id":"3202","country_id":"209","name":"Kalasin","code":"46","status":"1"},{"zone_id":"3203","country_id":"209","name":"Kamphaeng Phet","code":"62","status":"1"},{"zone_id":"3204","country_id":"209","name":"Kanchanaburi","code":"71","status":"1"},{"zone_id":"3205","country_id":"209","name":"Khon Kaen","code":"40","status":"1"},{"zone_id":"3206","country_id":"209","name":"Krabi","code":"81","status":"1"},{"zone_id":"3207","country_id":"209","name":"Lampang","code":"52","status":"1"},{"zone_id":"3208","country_id":"209","name":"Lamphun","code":"51","status":"1"},{"zone_id":"3209","country_id":"209","name":"Loei","code":"42","status":"1"},{"zone_id":"3210","country_id":"209","name":"Lop Buri","code":"1","status":"1"},{"zone_id":"3211","country_id":"209","name":"Mae Hong Son","code":"55","status":"1"},{"zone_id":"3212","country_id":"209","name":"Maha Sarakham","code":"44","status":"1"},{"zone_id":"3213","country_id":"209","name":"Mukdahan","code":"49","status":"1"},{"zone_id":"3214","country_id":"209","name":"Nakhon Nayok","code":"26","status":"1"},{"zone_id":"3215","country_id":"209","name":"Nakhon Pathom","code":"73","status":"1"},{"zone_id":"3216","country_id":"209","name":"Nakhon Phanom","code":"48","status":"1"},{"zone_id":"3217","country_id":"209","name":"Nakhon Ratchasima","code":"30","status":"1"},{"zone_id":"3218","country_id":"209","name":"Nakhon Sawan","code":"60","status":"1"},{"zone_id":"3219","country_id":"209","name":"Nakhon Si Thammarat","code":"80","status":"1"},{"zone_id":"3220","country_id":"209","name":"Nan","code":"55","status":"1"},{"zone_id":"3221","country_id":"209","name":"Narathiwat","code":"96","status":"1"},{"zone_id":"3222","country_id":"209","name":"Nong Bua Lamphu","code":"39","status":"1"},{"zone_id":"3223","country_id":"209","name":"Nong Khai","code":"43","status":"1"},{"zone_id":"3224","country_id":"209","name":"Nonthaburi","code":"12","status":"1"},{"zone_id":"3225","country_id":"209","name":"Pathum Thani","code":"13","status":"1"},{"zone_id":"3226","country_id":"209","name":"Pattani","code":"94","status":"1"},{"zone_id":"3227","country_id":"209","name":"Phangnga","code":"82","status":"1"},{"zone_id":"3228","country_id":"209","name":"Phatthalung","code":"93","status":"1"},{"zone_id":"3229","country_id":"209","name":"Phayao","code":"Phayao","status":"1"},{"zone_id":"3230","country_id":"209","name":"Phetchabun","code":"67","status":"1"},{"zone_id":"3231","country_id":"209","name":"Phetchaburi","code":"76","status":"1"},{"zone_id":"3232","country_id":"209","name":"Phichit","code":"66","status":"1"},{"zone_id":"3233","country_id":"209","name":"Phitsanulok","code":"65","status":"1"},{"zone_id":"4256","country_id":"209","name":"Phra Nakhon Si Ayutthaya","code":"14","status":"1"},{"zone_id":"3234","country_id":"209","name":"Phrae","code":"54","status":"1"},{"zone_id":"3235","country_id":"209","name":"Phuket","code":"83","status":"1"},{"zone_id":"3236","country_id":"209","name":"Prachin Buri","code":"25","status":"1"},{"zone_id":"3237","country_id":"209","name":"Prachuap Khiri Khan","code":"77","status":"1"},{"zone_id":"3238","country_id":"209","name":"Ranong","code":"21","status":"1"},{"zone_id":"3239","country_id":"209","name":"Ratchaburi","code":"70","status":"1"},{"zone_id":"3240","country_id":"209","name":"Rayong","code":"21","status":"1"},{"zone_id":"3241","country_id":"209","name":"Roi Et","code":"45","status":"1"},{"zone_id":"3242","country_id":"209","name":"Sa Kaeo","code":"27","status":"1"},{"zone_id":"3243","country_id":"209","name":"Sakon Nakhon","code":"47","status":"1"},{"zone_id":"3244","country_id":"209","name":"Samut Prakan","code":"11","status":"1"},{"zone_id":"3245","country_id":"209","name":"Samut Sakhon","code":"74","status":"1"},{"zone_id":"3246","country_id":"209","name":"Samut Songkhram","code":"75","status":"1"},{"zone_id":"3247","country_id":"209","name":"Saraburi","code":"19","status":"1"},{"zone_id":"3248","country_id":"209","name":"Satun","code":"91","status":"1"},{"zone_id":"3250","country_id":"209","name":"Si Sa Ket","code":"33","status":"1"},{"zone_id":"3249","country_id":"209","name":"Sing Buri","code":"17","status":"1"},{"zone_id":"3251","country_id":"209","name":"Songkhla","code":"90","status":"1"},{"zone_id":"3252","country_id":"209","name":"Sukhothai","code":"64","status":"1"},{"zone_id":"3253","country_id":"209","name":"Suphan Buri","code":"72","status":"1"},{"zone_id":"3254","country_id":"209","name":"Surat Thani","code":"84","status":"1"},{"zone_id":"3255","country_id":"209","name":"Surin","code":"32","status":"1"},{"zone_id":"3256","country_id":"209","name":"Tak","code":"63","status":"1"},{"zone_id":"3257","country_id":"209","name":"Trang","code":"92","status":"1"},{"zone_id":"3258","country_id":"209","name":"Trat","code":"23","status":"1"},{"zone_id":"3259","country_id":"209","name":"Ubon Ratchathani","code":"34","status":"1"},{"zone_id":"3260","country_id":"209","name":"Udon Thani","code":"41","status":"1"},{"zone_id":"3261","country_id":"209","name":"Uthai Thani","code":"61","status":"1"},{"zone_id":"3262","country_id":"209","name":"Uttaradit","code":"53","status":"1"},{"zone_id":"3263","country_id":"209","name":"Yala","code":"95","status":"1"},{"zone_id":"3264","country_id":"209","name":"Yasothon","code":"35","status":"1"}],"country_id":"209","name":"Thailand","iso_code_2":"TH","iso_code_3":"THA","address_format_id":"1","postcode_required":"0","status":"1"}