{"zone":[{"zone_id":"2881","country_id":"184","name":"'Asir","code":"AS","status":"1"},{"zone_id":"2874","country_id":"184","name":"Al Bahah","code":"BH","status":"1"},{"zone_id":"2875","country_id":"184","name":"Al Hudud ash Shamaliyah","code":"HS","status":"1"},{"zone_id":"2876","country_id":"184","name":"Al Jawf","code":"JF","status":"1"},{"zone_id":"2877","country_id":"184","name":"Al Madinah","code":"MD","status":"1"},{"zone_id":"2878","country_id":"184","name":"Al Qasim","code":"QS","status":"1"},{"zone_id":"2879","country_id":"184","name":"Ar Riyad","code":"RD","status":"1"},{"zone_id":"2880","country_id":"184","name":"Ash Sharqiyah (Eastern)","code":"AQ","status":"1"},{"zone_id":"2882","country_id":"184","name":"Ha'il","code":"HL","status":"1"},{"zone_id":"2883","country_id":"184","name":"Jizan","code":"JZ","status":"1"},{"zone_id":"2884","country_id":"184","name":"Makkah","code":"ML","status":"1"},{"zone_id":"2885","country_id":"184","name":"Najran","code":"NR","status":"1"},{"zone_id":"2886","country_id":"184","name":"Tabuk","code":"TB","status":"1"}],"country_id":"184","name":"Saudi Arabia","iso_code_2":"SA","iso_code_3":"SAU","address_format_id":"1","postcode_required":"0","status":"1"}