{"zone":[{"zone_id":"671","country_id":"43","name":"Aisen del General Carlos Ibanez","code":"AI","status":"1"},{"zone_id":"672","country_id":"43","name":"Antofagasta","code":"AN","status":"1"},{"zone_id":"673","country_id":"43","name":"Araucania","code":"AR","status":"1"},{"zone_id":"4222","country_id":"43","name":"Arica y Parinacota","code":"AP","status":"1"},{"zone_id":"674","country_id":"43","name":"Atacama","code":"AT","status":"1"},{"zone_id":"675","country_id":"43","name":"Bio-Bio","code":"BI","status":"1"},{"zone_id":"676","country_id":"43","name":"Coquimbo","code":"CO","status":"1"},{"zone_id":"677","country_id":"43","name":"Libertador General Bernardo O'Higgins","code":"LI","status":"1"},{"zone_id":"678","country_id":"43","name":"Los Lagos","code":"LL","status":"1"},{"zone_id":"4223","country_id":"43","name":"Los Rios","code":"LR","status":"1"},{"zone_id":"679","country_id":"43","name":"Magallanes y de la Antartica Chilena","code":"MA","status":"1"},{"zone_id":"680","country_id":"43","name":"Maule","code":"ML","status":"1"},{"zone_id":"681","country_id":"43","name":"Region Metropolitana","code":"RM","status":"1"},{"zone_id":"682","country_id":"43","name":"Tarapaca","code":"TA","status":"1"},{"zone_id":"683","country_id":"43","name":"Valparaiso","code":"VS","status":"1"}],"country_id":"43","name":"Chile","iso_code_2":"CL","iso_code_3":"CHL","address_format_id":"1","postcode_required":"0","status":"1"}