{"zone":[{"zone_id":"3751","country_id":"230","name":"An Giang","code":"AG","status":"1"},{"zone_id":"3756","country_id":"230","name":"Ba Ria-Vung Tau","code":"BR","status":"1"},{"zone_id":"3752","country_id":"230","name":"Bac Giang","code":"BG","status":"1"},{"zone_id":"3753","country_id":"230","name":"Bac Kan","code":"BK","status":"1"},{"zone_id":"3754","country_id":"230","name":"Bac Lieu","code":"BL","status":"1"},{"zone_id":"3755","country_id":"230","name":"Bac Ninh","code":"BC","status":"1"},{"zone_id":"3757","country_id":"230","name":"Ben Tre","code":"BN","status":"1"},{"zone_id":"3758","country_id":"230","name":"Binh Dinh","code":"BH","status":"1"},{"zone_id":"3759","country_id":"230","name":"Binh Duong","code":"BU","status":"1"},{"zone_id":"3760","country_id":"230","name":"Binh Phuoc","code":"BP","status":"1"},{"zone_id":"3761","country_id":"230","name":"Binh Thuan","code":"BT","status":"1"},{"zone_id":"3762","country_id":"230","name":"Ca Mau","code":"CM","status":"1"},{"zone_id":"3763","country_id":"230","name":"Can Tho","code":"CT","status":"1"},{"zone_id":"3764","country_id":"230","name":"Cao Bang","code":"CB","status":"1"},{"zone_id":"3767","country_id":"230","name":"Da Nang","code":"DN","status":"1"},{"zone_id":"3765","country_id":"230","name":"Dak Lak","code":"DL","status":"1"},{"zone_id":"3766","country_id":"230","name":"Dak Nong","code":"DG","status":"1"},{"zone_id":"3768","country_id":"230","name":"Dien Bien","code":"DB","status":"1"},{"zone_id":"3769","country_id":"230","name":"Dong Nai","code":"DI","status":"1"},{"zone_id":"3770","country_id":"230","name":"Dong Thap","code":"DT","status":"1"},{"zone_id":"3771","country_id":"230","name":"Gia Lai","code":"GL","status":"1"},{"zone_id":"3772","country_id":"230","name":"Ha Giang","code":"HG","status":"1"},{"zone_id":"3775","country_id":"230","name":"Ha Nam","code":"HM","status":"1"},{"zone_id":"3776","country_id":"230","name":"Ha Noi","code":"HI","status":"1"},{"zone_id":"3777","country_id":"230","name":"Ha Tay","code":"HT","status":"1"},{"zone_id":"3778","country_id":"230","name":"Ha Tinh","code":"HH","status":"1"},{"zone_id":"3773","country_id":"230","name":"Hai Duong","code":"HD","status":"1"},{"zone_id":"3774","country_id":"230","name":"Hai Phong","code":"HP","status":"1"},{"zone_id":"3781","country_id":"230","name":"Hau Giang","code":"HU","status":"1"},{"zone_id":"3780","country_id":"230","name":"Ho Chi Minh City","code":"HC","status":"1"},{"zone_id":"3779","country_id":"230","name":"Hoa Binh","code":"HB","status":"1"},{"zone_id":"3782","country_id":"230","name":"Hung Yen","code":"HY","status":"1"}],"country_id":"230","name":"Viet Nam","iso_code_2":"VN","iso_code_3":"VNM","address_format_id":"1","postcode_required":"0","status":"1"}