{"zone":[{"zone_id":"122","country_id":"5","name":"Andorra la Vella","code":"ALV","status":"1"},{"zone_id":"123","country_id":"5","name":"Canillo","code":"CAN","status":"1"},{"zone_id":"124","country_id":"5","name":"Encamp","code":"ENC","status":"1"},{"zone_id":"125","country_id":"5","name":"Escaldes-Engordany","code":"ESE","status":"1"},{"zone_id":"126","country_id":"5","name":"La Massana","code":"LMA","status":"1"},{"zone_id":"127","country_id":"5","name":"Ordino","code":"ORD","status":"1"},{"zone_id":"128","country_id":"5","name":"Sant Julia de Loria","code":"SJL","status":"1"}],"country_id":"5","name":"Andorra","iso_code_2":"AD","iso_code_3":"AND","address_format_id":"1","postcode_required":"0","status":"1"}