{"zone":[{"zone_id":"1657","country_id":"107","name":"Aichi","code":"AI","status":"1"},{"zone_id":"1658","country_id":"107","name":"Akita","code":"AK","status":"1"},{"zone_id":"1659","country_id":"107","name":"Aomori","code":"AO","status":"1"},{"zone_id":"1660","country_id":"107","name":"Chiba","code":"CH","status":"1"},{"zone_id":"1661","country_id":"107","name":"Ehime","code":"EH","status":"1"},{"zone_id":"1662","country_id":"107","name":"Fukui","code":"FK","status":"1"},{"zone_id":"1663","country_id":"107","name":"Fukuoka","code":"FU","status":"1"},{"zone_id":"1664","country_id":"107","name":"Fukushima","code":"FS","status":"1"},{"zone_id":"1665","country_id":"107","name":"Gifu","code":"GI","status":"1"},{"zone_id":"1666","country_id":"107","name":"Gumma","code":"GU","status":"1"},{"zone_id":"1667","country_id":"107","name":"Hiroshima","code":"HI","status":"1"},{"zone_id":"1668","country_id":"107","name":"Hokkaido","code":"HO","status":"1"},{"zone_id":"1669","country_id":"107","name":"Hyogo","code":"HY","status":"1"},{"zone_id":"1670","country_id":"107","name":"Ibaraki","code":"IB","status":"1"},{"zone_id":"1671","country_id":"107","name":"Ishikawa","code":"IS","status":"1"},{"zone_id":"1672","country_id":"107","name":"Iwate","code":"IW","status":"1"},{"zone_id":"1673","country_id":"107","name":"Kagawa","code":"KA","status":"1"},{"zone_id":"1674","country_id":"107","name":"Kagoshima","code":"KG","status":"1"},{"zone_id":"1675","country_id":"107","name":"Kanagawa","code":"KN","status":"1"},{"zone_id":"1676","country_id":"107","name":"Kochi","code":"KO","status":"1"},{"zone_id":"1677","country_id":"107","name":"Kumamoto","code":"KU","status":"1"},{"zone_id":"1678","country_id":"107","name":"Kyoto","code":"KY","status":"1"},{"zone_id":"1679","country_id":"107","name":"Mie","code":"MI","status":"1"},{"zone_id":"1680","country_id":"107","name":"Miyagi","code":"MY","status":"1"},{"zone_id":"1681","country_id":"107","name":"Miyazaki","code":"MZ","status":"1"},{"zone_id":"1682","country_id":"107","name":"Nagano","code":"NA","status":"1"},{"zone_id":"1683","country_id":"107","name":"Nagasaki","code":"NG","status":"1"},{"zone_id":"1684","country_id":"107","name":"Nara","code":"NR","status":"1"},{"zone_id":"1685","country_id":"107","name":"Niigata","code":"NI","status":"1"},{"zone_id":"1686","country_id":"107","name":"Oita","code":"OI","status":"1"},{"zone_id":"1687","country_id":"107","name":"Okayama","code":"OK","status":"1"},{"zone_id":"1688","country_id":"107","name":"Okinawa","code":"ON","status":"1"},{"zone_id":"1689","country_id":"107","name":"Osaka","code":"OS","status":"1"},{"zone_id":"1690","country_id":"107","name":"Saga","code":"SA","status":"1"},{"zone_id":"1691","country_id":"107","name":"Saitama","code":"SI","status":"1"},{"zone_id":"1692","country_id":"107","name":"Shiga","code":"SH","status":"1"},{"zone_id":"1693","country_id":"107","name":"Shimane","code":"SM","status":"1"},{"zone_id":"1694","country_id":"107","name":"Shizuoka","code":"SZ","status":"1"},{"zone_id":"1695","country_id":"107","name":"Tochigi","code":"TO","status":"1"},{"zone_id":"1696","country_id":"107","name":"Tokushima","code":"TS","status":"1"},{"zone_id":"1697","country_id":"107","name":"Tokyo","code":"TK","status":"1"},{"zone_id":"1698","country_id":"107","name":"Tottori","code":"TT","status":"1"},{"zone_id":"1699","country_id":"107","name":"Toyama","code":"TY","status":"1"},{"zone_id":"1700","country_id":"107","name":"Wakayama","code":"WA","status":"1"},{"zone_id":"1701","country_id":"107","name":"Yamagata","code":"YA","status":"1"},{"zone_id":"1702","country_id":"107","name":"Yamaguchi","code":"YM","status":"1"},{"zone_id":"1703","country_id":"107","name":"Yamanashi","code":"YN","status":"1"}],"country_id":"107","name":"Japan","iso_code_2":"JP","iso_code_3":"JPN","address_format_id":"1","postcode_required":"0","status":"1"}