{"zone":[{"zone_id":"2301","country_id":"148","name":"Aiwo","code":"AO","status":"1"},{"zone_id":"2302","country_id":"148","name":"Anabar","code":"AA","status":"1"},{"zone_id":"2303","country_id":"148","name":"Anetan","code":"AT","status":"1"},{"zone_id":"2304","country_id":"148","name":"Anibare","code":"AI","status":"1"},{"zone_id":"2305","country_id":"148","name":"Baiti","code":"BA","status":"1"},{"zone_id":"2306","country_id":"148","name":"Boe","code":"BO","status":"1"},{"zone_id":"2307","country_id":"148","name":"Buada","code":"BU","status":"1"},{"zone_id":"2308","country_id":"148","name":"Denigomodu","code":"DE","status":"1"},{"zone_id":"2309","country_id":"148","name":"Ewa","code":"EW","status":"1"},{"zone_id":"2310","country_id":"148","name":"Ijuw","code":"IJ","status":"1"},{"zone_id":"2311","country_id":"148","name":"Meneng","code":"ME","status":"1"},{"zone_id":"2312","country_id":"148","name":"Nibok","code":"NI","status":"1"},{"zone_id":"2313","country_id":"148","name":"Uaboe","code":"UA","status":"1"},{"zone_id":"2314","country_id":"148","name":"Yaren","code":"YA","status":"1"}],"country_id":"148","name":"Nauru","iso_code_2":"NR","iso_code_3":"NRU","address_format_id":"1","postcode_required":"0","status":"1"}