{"zone":[{"zone_id":"2380","country_id":"155","name":"Agadez","code":"AG","status":"1"},{"zone_id":"2381","country_id":"155","name":"Diffa","code":"DF","status":"1"},{"zone_id":"2382","country_id":"155","name":"Dosso","code":"DS","status":"1"},{"zone_id":"2383","country_id":"155","name":"Maradi","code":"MA","status":"1"},{"zone_id":"2384","country_id":"155","name":"Niamey","code":"NM","status":"1"},{"zone_id":"2385","country_id":"155","name":"Tahoua","code":"TH","status":"1"},{"zone_id":"2386","country_id":"155","name":"Tillaberi","code":"TL","status":"1"},{"zone_id":"2387","country_id":"155","name":"Zinder","code":"ZD","status":"1"}],"country_id":"155","name":"Niger","iso_code_2":"NE","iso_code_3":"NER","address_format_id":"1","postcode_required":"0","status":"1"}