{"zone":[{"zone_id":"3396","country_id":"216","name":"Ahal Welayaty","code":"A","status":"1"},{"zone_id":"3397","country_id":"216","name":"Balkan Welayaty","code":"B","status":"1"},{"zone_id":"3398","country_id":"216","name":"Dashhowuz Welayaty","code":"D","status":"1"},{"zone_id":"3399","country_id":"216","name":"Lebap Welayaty","code":"L","status":"1"},{"zone_id":"3400","country_id":"216","name":"Mary Welayaty","code":"M","status":"1"}],"country_id":"216","name":"Turkmenistan","iso_code_2":"TM","iso_code_3":"TKM","address_format_id":"1","postcode_required":"0","status":"1"}