{"zone":[{"zone_id":"284","country_id":"16","name":"Acklins","code":"ACK","status":"1"},{"zone_id":"285","country_id":"16","name":"Berry Islands","code":"BER","status":"1"},{"zone_id":"286","country_id":"16","name":"Bimini","code":"BIM","status":"1"},{"zone_id":"287","country_id":"16","name":"Black Point","code":"BLK","status":"1"},{"zone_id":"288","country_id":"16","name":"Cat Island","code":"CAT","status":"1"},{"zone_id":"289","country_id":"16","name":"Central Abaco","code":"CAB","status":"1"},{"zone_id":"290","country_id":"16","name":"Central Andros","code":"CAN","status":"1"},{"zone_id":"291","country_id":"16","name":"Central Eleuthera","code":"CEL","status":"1"},{"zone_id":"292","country_id":"16","name":"City of Freeport","code":"FRE","status":"1"},{"zone_id":"293","country_id":"16","name":"Crooked Island","code":"CRO","status":"1"},{"zone_id":"294","country_id":"16","name":"East Grand Bahama","code":"EGB","status":"1"},{"zone_id":"295","country_id":"16","name":"Exuma","code":"EXU","status":"1"},{"zone_id":"296","country_id":"16","name":"Grand Cay","code":"GRD","status":"1"},{"zone_id":"297","country_id":"16","name":"Harbour Island","code":"HAR","status":"1"},{"zone_id":"298","country_id":"16","name":"Hope Town","code":"HOP","status":"1"},{"zone_id":"299","country_id":"16","name":"Inagua","code":"INA","status":"1"},{"zone_id":"300","country_id":"16","name":"Long Island","code":"LNG","status":"1"},{"zone_id":"301","country_id":"16","name":"Mangrove Cay","code":"MAN","status":"1"},{"zone_id":"302","country_id":"16","name":"Mayaguana","code":"MAY","status":"1"},{"zone_id":"303","country_id":"16","name":"Moore's Island","code":"MOO","status":"1"},{"zone_id":"304","country_id":"16","name":"North Abaco","code":"NAB","status":"1"},{"zone_id":"305","country_id":"16","name":"North Andros","code":"NAN","status":"1"},{"zone_id":"306","country_id":"16","name":"North Eleuthera","code":"NEL","status":"1"},{"zone_id":"307","country_id":"16","name":"Ragged Island","code":"RAG","status":"1"},{"zone_id":"308","country_id":"16","name":"Rum Cay","code":"RUM","status":"1"},{"zone_id":"309","country_id":"16","name":"San Salvador","code":"SAL","status":"1"},{"zone_id":"310","country_id":"16","name":"South Abaco","code":"SAB","status":"1"},{"zone_id":"311","country_id":"16","name":"South Andros","code":"SAN","status":"1"},{"zone_id":"312","country_id":"16","name":"South Eleuthera","code":"SEL","status":"1"},{"zone_id":"313","country_id":"16","name":"Spanish Wells","code":"SWE","status":"1"},{"zone_id":"314","country_id":"16","name":"West Grand Bahama","code":"WGB","status":"1"}],"country_id":"16","name":"Bahamas","iso_code_2":"BS","iso_code_3":"BHS","address_format_id":"1","postcode_required":"0","status":"1"}