{"zone":[{"zone_id":"2315","country_id":"149","name":"Bagmati","code":"BA","status":"1"},{"zone_id":"2316","country_id":"149","name":"Bheri","code":"BH","status":"1"},{"zone_id":"2317","country_id":"149","name":"Dhawalagiri","code":"DH","status":"1"},{"zone_id":"2318","country_id":"149","name":"Gandaki","code":"GA","status":"1"},{"zone_id":"2319","country_id":"149","name":"Janakpur","code":"JA","status":"1"},{"zone_id":"2320","country_id":"149","name":"Karnali","code":"KA","status":"1"},{"zone_id":"2321","country_id":"149","name":"Kosi","code":"KO","status":"1"},{"zone_id":"2322","country_id":"149","name":"Lumbini","code":"LU","status":"1"},{"zone_id":"2323","country_id":"149","name":"Mahakali","code":"MA","status":"1"},{"zone_id":"2324","country_id":"149","name":"Mechi","code":"ME","status":"1"},{"zone_id":"2325","country_id":"149","name":"Narayani","code":"NA","status":"1"},{"zone_id":"2326","country_id":"149","name":"Rapti","code":"RA","status":"1"},{"zone_id":"2327","country_id":"149","name":"Sagarmatha","code":"SA","status":"1"},{"zone_id":"2328","country_id":"149","name":"Seti","code":"SE","status":"1"}],"country_id":"149","name":"Nepal","iso_code_2":"NP","iso_code_3":"NPL","address_format_id":"1","postcode_required":"0","status":"1"}