{"zone":[{"zone_id":"2971","country_id":"195","name":"&Aacute;lava","code":"VI","status":"1"},{"zone_id":"2976","country_id":"195","name":"&Aacute;vila","code":"AV","status":"1"},{"zone_id":"2972","country_id":"195","name":"Albacete","code":"AB","status":"1"},{"zone_id":"2973","country_id":"195","name":"Alicante","code":"A","status":"1"},{"zone_id":"2974","country_id":"195","name":"Almeria","code":"AL","status":"1"},{"zone_id":"2975","country_id":"195","name":"Asturias","code":"O","status":"1"},{"zone_id":"2977","country_id":"195","name":"Badajoz","code":"BA","status":"1"},{"zone_id":"2978","country_id":"195","name":"Baleares","code":"IB","status":"1"},{"zone_id":"2979","country_id":"195","name":"Barcelona","code":"B","status":"1"},{"zone_id":"3019","country_id":"195","name":"Bizkaia","code":"BI","status":"1"},{"zone_id":"2980","country_id":"195","name":"Burgos","code":"BU","status":"1"},{"zone_id":"2981","country_id":"195","name":"C&aacute;ceres","code":"CC","status":"1"},{"zone_id":"2982","country_id":"195","name":"C&aacute;diz","code":"CA","status":"1"},{"zone_id":"2987","country_id":"195","name":"C&oacute;rdoba","code":"CO","status":"1"},{"zone_id":"2983","country_id":"195","name":"Cantabria","code":"S","status":"1"},{"zone_id":"2984","country_id":"195","name":"Castell&oacute;n","code":"CS","status":"1"},{"zone_id":"2985","country_id":"195","name":"Ceuta","code":"CE","status":"1"},{"zone_id":"2986","country_id":"195","name":"Ciudad Real","code":"CR","status":"1"},{"zone_id":"2988","country_id":"195","name":"Cuenca","code":"CU","status":"1"},{"zone_id":"2989","country_id":"195","name":"Girona","code":"GI","status":"1"},{"zone_id":"2990","country_id":"195","name":"Granada","code":"GR","status":"1"},{"zone_id":"2991","country_id":"195","name":"Guadalajara","code":"GU","status":"1"},{"zone_id":"2992","country_id":"195","name":"Guip&uacute;zcoa","code":"SS","status":"1"},{"zone_id":"2993","country_id":"195","name":"Huelva","code":"H","status":"1"},{"zone_id":"2994","country_id":"195","name":"Huesca","code":"HU","status":"1"},{"zone_id":"2995","country_id":"195","name":"Ja&eacute;n","code":"J","status":"1"},{"zone_id":"2970","country_id":"195","name":"La Coru&ntilde;a","code":"C","status":"1"},{"zone_id":"2996","country_id":"195","name":"La Rioja","code":"LO","status":"1"},{"zone_id":"2997","country_id":"195","name":"Las Palmas","code":"GC","status":"1"},{"zone_id":"2998","country_id":"195","name":"Leon","code":"CL","status":"1"},{"zone_id":"2999","country_id":"195","name":"Lleida","code":"L","status":"1"},{"zone_id":"3000","country_id":"195","name":"Lugo","code":"LU","status":"1"},{"zone_id":"3001","country_id":"195","name":"Madrid","code":"M","status":"1"},{"zone_id":"3002","country_id":"195","name":"Malaga","code":"MA","status":"1"},{"zone_id":"3003","country_id":"195","name":"Melilla","code":"ML","status":"1"},{"zone_id":"3004","country_id":"195","name":"Murcia","code":"MU","status":"1"},{"zone_id":"3005","country_id":"195","name":"Navarra","code":"NA","status":"1"},{"zone_id":"3006","country_id":"195","name":"Ourense","code":"OR","status":"1"},{"zone_id":"3007","country_id":"195","name":"Palencia","code":"P","status":"1"},{"zone_id":"3008","country_id":"195","name":"Pontevedra","code":"PO","status":"1"},{"zone_id":"3009","country_id":"195","name":"Salamanca","code":"SA","status":"1"},{"zone_id":"3010","country_id":"195","name":"Santa Cruz de Tenerife","code":"TF","status":"1"},{"zone_id":"3011","country_id":"195","name":"Segovia","code":"SG","status":"1"},{"zone_id":"3012","country_id":"195","name":"Sevilla","code":"SE","status":"1"},{"zone_id":"3013","country_id":"195","name":"Soria","code":"SO","status":"1"},{"zone_id":"3014","country_id":"195","name":"Tarragona","code":"T","status":"1"},{"zone_id":"3015","country_id":"195","name":"Teruel","code":"TE","status":"1"},{"zone_id":"3016","country_id":"195","name":"Toledo","code":"TO","status":"1"},{"zone_id":"3017","country_id":"195","name":"Valencia","code":"V","status":"1"},{"zone_id":"3018","country_id":"195","name":"Valladolid","code":"VA","status":"1"},{"zone_id":"3020","country_id":"195","name":"Zamora","code":"ZA","status":"1"},{"zone_id":"3021","country_id":"195","name":"Zaragoza","code":"Z","status":"1"}],"country_id":"195","name":"Spain","iso_code_2":"ES","iso_code_3":"ESP","address_format_id":"1","postcode_required":"0","status":"1"}