{"zone":[{"zone_id":"1054","country_id":"67","name":"Harjumaa (Tallinn)","code":"HA","status":"1"},{"zone_id":"1055","country_id":"67","name":"Hiiumaa (Kardla)","code":"HI","status":"1"},{"zone_id":"1056","country_id":"67","name":"Ida-Virumaa (Johvi)","code":"IV","status":"1"},{"zone_id":"1057","country_id":"67","name":"Jarvamaa (Paide)","code":"JA","status":"1"},{"zone_id":"1058","country_id":"67","name":"Jogevamaa (Jogeva)","code":"JO","status":"1"},{"zone_id":"1059","country_id":"67","name":"Laane-Virumaa (Rakvere)","code":"LV","status":"1"},{"zone_id":"1060","country_id":"67","name":"Laanemaa (Haapsalu)","code":"LA","status":"1"},{"zone_id":"1061","country_id":"67","name":"Parnumaa (Parnu)","code":"PA","status":"1"},{"zone_id":"1062","country_id":"67","name":"Polvamaa (Polva)","code":"PO","status":"1"},{"zone_id":"1063","country_id":"67","name":"Raplamaa (Rapla)","code":"RA","status":"1"},{"zone_id":"1064","country_id":"67","name":"Saaremaa (Kuessaare)","code":"SA","status":"1"},{"zone_id":"1065","country_id":"67","name":"Tartumaa (Tartu)","code":"TA","status":"1"},{"zone_id":"1066","country_id":"67","name":"Valgamaa (Valga)","code":"VA","status":"1"},{"zone_id":"1067","country_id":"67","name":"Viljandimaa (Viljandi)","code":"VI","status":"1"},{"zone_id":"1068","country_id":"67","name":"Vorumaa (Voru)","code":"VO","status":"1"}],"country_id":"67","name":"Estonia","iso_code_2":"EE","iso_code_3":"EST","address_format_id":"1","postcode_required":"0","status":"1"}