{"zone":[{"zone_id":"1242","country_id":"80","name":"Abkhazia","code":"AB","status":"1"},{"zone_id":"1243","country_id":"80","name":"Ajaria","code":"AJ","status":"1"},{"zone_id":"1245","country_id":"80","name":"Guria","code":"GU","status":"1"},{"zone_id":"1246","country_id":"80","name":"Imereti","code":"IM","status":"1"},{"zone_id":"1247","country_id":"80","name":"Kakheti","code":"KA","status":"1"},{"zone_id":"1248","country_id":"80","name":"Kvemo Kartli","code":"KK","status":"1"},{"zone_id":"1249","country_id":"80","name":"Mtskheta-Mtianeti","code":"MM","status":"1"},{"zone_id":"1250","country_id":"80","name":"Racha Lechkhumi and Kvemo Svanet","code":"RL","status":"1"},{"zone_id":"1251","country_id":"80","name":"Samegrelo-Zemo Svaneti","code":"SZ","status":"1"},{"zone_id":"1252","country_id":"80","name":"Samtskhe-Javakheti","code":"SJ","status":"1"},{"zone_id":"1253","country_id":"80","name":"Shida Kartli","code":"SK","status":"1"},{"zone_id":"1244","country_id":"80","name":"Tbilisi","code":"TB","status":"1"}],"country_id":"80","name":"Georgia","iso_code_2":"GE","iso_code_3":"GEO","address_format_id":"1","postcode_required":"0","status":"1"}