{"zone":[{"zone_id":"3483","country_id":"220","name":"Avtonomna Respublika Krym","code":"27","status":"1"},{"zone_id":"3480","country_id":"220","name":"Cherkaska","code":"23","status":"1"},{"zone_id":"3481","country_id":"220","name":"Chernihivska","code":"25","status":"1"},{"zone_id":"3482","country_id":"220","name":"Chernivetska","code":"24","status":"1"},{"zone_id":"3484","country_id":"220","name":"Dnipropetrovska","code":"04","status":"1"},{"zone_id":"3485","country_id":"220","name":"Donetska","code":"05","status":"1"},{"zone_id":"3486","country_id":"220","name":"Ivano-Frankivska","code":"09","status":"1"},{"zone_id":"4224","country_id":"220","name":"Kharkivska","code":"63","status":"1"},{"zone_id":"3487","country_id":"220","name":"Khersonska","code":"21","status":"1"},{"zone_id":"3488","country_id":"220","name":"Khmelnytska","code":"22","status":"1"},{"zone_id":"3489","country_id":"220","name":"Kirovohradska","code":"35","status":"1"},{"zone_id":"3490","country_id":"220","name":"Kyiv","code":"26","status":"1"},{"zone_id":"3491","country_id":"220","name":"Kyivska","code":"10","status":"1"},{"zone_id":"3492","country_id":"220","name":"Luhanska","code":"12","status":"1"},{"zone_id":"3493","country_id":"220","name":"Lvivska","code":"13","status":"1"},{"zone_id":"3494","country_id":"220","name":"Mykolaivska","code":"14","status":"1"},{"zone_id":"3495","country_id":"220","name":"Odeska","code":"15","status":"1"},{"zone_id":"3496","country_id":"220","name":"Poltavska","code":"16","status":"1"},{"zone_id":"3497","country_id":"220","name":"Rivnenska","code":"17","status":"1"},{"zone_id":"3498","country_id":"220","name":"Sevastopol","code":"28","status":"1"},{"zone_id":"3499","country_id":"220","name":"Sumska","code":"18","status":"1"},{"zone_id":"3500","country_id":"220","name":"Ternopilska","code":"19","status":"1"},{"zone_id":"3501","country_id":"220","name":"Vinnytska","code":"02","status":"1"},{"zone_id":"3502","country_id":"220","name":"Volynska","code":"03","status":"1"},{"zone_id":"3503","country_id":"220","name":"Zakarpatska","code":"07","status":"1"},{"zone_id":"3504","country_id":"220","name":"Zaporizka","code":"08","status":"1"},{"zone_id":"3505","country_id":"220","name":"Zhytomyrsk\u0430","code":"06","status":"1"}],"country_id":"220","name":"Ukraine","iso_code_2":"UA","iso_code_3":"UKR","address_format_id":"1","postcode_required":"0","status":"1"}