{"zone":[{"zone_id":"440","country_id":"30","name":"Acre","code":"AC","status":"1"},{"zone_id":"441","country_id":"30","name":"Alagoas","code":"AL","status":"1"},{"zone_id":"442","country_id":"30","name":"Amap\u00e1","code":"AP","status":"1"},{"zone_id":"443","country_id":"30","name":"Amazonas","code":"AM","status":"1"},{"zone_id":"444","country_id":"30","name":"Bahia","code":"BA","status":"1"},{"zone_id":"445","country_id":"30","name":"Cear\u00e1","code":"CE","status":"1"},{"zone_id":"446","country_id":"30","name":"Distrito Federal","code":"DF","status":"1"},{"zone_id":"447","country_id":"30","name":"Esp\u00edrito Santo","code":"ES","status":"1"},{"zone_id":"448","country_id":"30","name":"Goi\u00e1s","code":"GO","status":"1"},{"zone_id":"449","country_id":"30","name":"Maranh\u00e3o","code":"MA","status":"1"},{"zone_id":"450","country_id":"30","name":"Mato Grosso","code":"MT","status":"1"},{"zone_id":"451","country_id":"30","name":"Mato Grosso do Sul","code":"MS","status":"1"},{"zone_id":"452","country_id":"30","name":"Minas Gerais","code":"MG","status":"1"},{"zone_id":"453","country_id":"30","name":"Par\u00e1","code":"PA","status":"1"},{"zone_id":"454","country_id":"30","name":"Para\u00edba","code":"PB","status":"1"},{"zone_id":"455","country_id":"30","name":"Paran\u00e1","code":"PR","status":"1"},{"zone_id":"456","country_id":"30","name":"Pernambuco","code":"PE","status":"1"},{"zone_id":"457","country_id":"30","name":"Piau\u00ed","code":"PI","status":"1"},{"zone_id":"458","country_id":"30","name":"Rio de Janeiro","code":"RJ","status":"1"},{"zone_id":"459","country_id":"30","name":"Rio Grande do Norte","code":"RN","status":"1"},{"zone_id":"460","country_id":"30","name":"Rio Grande do Sul","code":"RS","status":"1"},{"zone_id":"461","country_id":"30","name":"Rond\u00f4nia","code":"RO","status":"1"},{"zone_id":"462","country_id":"30","name":"Roraima","code":"RR","status":"1"},{"zone_id":"463","country_id":"30","name":"Santa Catarina","code":"SC","status":"1"},{"zone_id":"464","country_id":"30","name":"S\u00e3o Paulo","code":"SP","status":"1"},{"zone_id":"465","country_id":"30","name":"Sergipe","code":"SE","status":"1"},{"zone_id":"466","country_id":"30","name":"Tocantins","code":"TO","status":"1"}],"country_id":"30","name":"Brazil","iso_code_2":"BR","iso_code_3":"BRA","address_format_id":"1","postcode_required":"0","status":"1"}