{"zone":[{"zone_id":"1733","country_id":"110","name":"Central","code":"CE","status":"1"},{"zone_id":"1734","country_id":"110","name":"Coast","code":"CO","status":"1"},{"zone_id":"1735","country_id":"110","name":"Eastern","code":"EA","status":"1"},{"zone_id":"1736","country_id":"110","name":"Nairobi Area","code":"NA","status":"1"},{"zone_id":"1737","country_id":"110","name":"North Eastern","code":"NE","status":"1"},{"zone_id":"1738","country_id":"110","name":"Nyanza","code":"NY","status":"1"},{"zone_id":"1739","country_id":"110","name":"Rift Valley","code":"RV","status":"1"},{"zone_id":"1740","country_id":"110","name":"Western","code":"WE","status":"1"}],"country_id":"110","name":"Kenya","iso_code_2":"KE","iso_code_3":"KEN","address_format_id":"1","postcode_required":"0","status":"1"}