{"zone":[{"zone_id":"2329","country_id":"150","name":"Drenthe","code":"DR","status":"1"},{"zone_id":"2330","country_id":"150","name":"Flevoland","code":"FL","status":"1"},{"zone_id":"2331","country_id":"150","name":"Friesland","code":"FR","status":"1"},{"zone_id":"2332","country_id":"150","name":"Gelderland","code":"GE","status":"1"},{"zone_id":"2333","country_id":"150","name":"Groningen","code":"GR","status":"1"},{"zone_id":"2334","country_id":"150","name":"Limburg","code":"LI","status":"1"},{"zone_id":"2335","country_id":"150","name":"Noord-Brabant","code":"NB","status":"1"},{"zone_id":"2336","country_id":"150","name":"Noord-Holland","code":"NH","status":"1"},{"zone_id":"2337","country_id":"150","name":"Overijssel","code":"OV","status":"1"},{"zone_id":"2338","country_id":"150","name":"Utrecht","code":"UT","status":"1"},{"zone_id":"2339","country_id":"150","name":"Zeeland","code":"ZE","status":"1"},{"zone_id":"2340","country_id":"150","name":"Zuid-Holland","code":"ZH","status":"1"}],"country_id":"150","name":"Netherlands","iso_code_2":"NL","iso_code_3":"NLD","address_format_id":"1","postcode_required":"0","status":"1"}