{"zone":[{"zone_id":"2809","country_id":"177","name":"Butare","code":"BU","status":"1"},{"zone_id":"2810","country_id":"177","name":"Byumba","code":"BY","status":"1"},{"zone_id":"2811","country_id":"177","name":"Cyangugu","code":"CY","status":"1"},{"zone_id":"2812","country_id":"177","name":"Gikongoro","code":"GK","status":"1"},{"zone_id":"2813","country_id":"177","name":"Gisenyi","code":"GS","status":"1"},{"zone_id":"2814","country_id":"177","name":"Gitarama","code":"GT","status":"1"},{"zone_id":"2815","country_id":"177","name":"Kibungo","code":"KG","status":"1"},{"zone_id":"2816","country_id":"177","name":"Kibuye","code":"KY","status":"1"},{"zone_id":"2817","country_id":"177","name":"Kigali Rurale","code":"KR","status":"1"},{"zone_id":"2818","country_id":"177","name":"Kigali-ville","code":"KV","status":"1"},{"zone_id":"2819","country_id":"177","name":"Ruhengeri","code":"RU","status":"1"},{"zone_id":"2820","country_id":"177","name":"Umutara","code":"UM","status":"1"}],"country_id":"177","name":"Rwanda","iso_code_2":"RW","iso_code_3":"RWA","address_format_id":"1","postcode_required":"0","status":"1"}