{"zone":[{"zone_id":"1507","country_id":"100","name":"Aceh","code":"AC","status":"1"},{"zone_id":"1508","country_id":"100","name":"Bali","code":"BA","status":"1"},{"zone_id":"1509","country_id":"100","name":"Banten","code":"BT","status":"1"},{"zone_id":"1510","country_id":"100","name":"Bengkulu","code":"BE","status":"1"},{"zone_id":"1512","country_id":"100","name":"Gorontalo","code":"GO","status":"1"},{"zone_id":"1513","country_id":"100","name":"Jakarta","code":"JK","status":"1"},{"zone_id":"1514","country_id":"100","name":"Jambi","code":"JA","status":"1"},{"zone_id":"1515","country_id":"100","name":"Jawa Barat","code":"JB","status":"1"},{"zone_id":"1516","country_id":"100","name":"Jawa Tengah","code":"JT","status":"1"},{"zone_id":"1517","country_id":"100","name":"Jawa Timur","code":"JI","status":"1"},{"zone_id":"1518","country_id":"100","name":"Kalimantan Barat","code":"KB","status":"1"},{"zone_id":"1519","country_id":"100","name":"Kalimantan Selatan","code":"KS","status":"1"},{"zone_id":"1520","country_id":"100","name":"Kalimantan Tengah","code":"KT","status":"1"},{"zone_id":"1521","country_id":"100","name":"Kalimantan Timur","code":"KI","status":"1"},{"zone_id":"1511","country_id":"100","name":"Kalimantan Utara","code":"BD","status":"1"},{"zone_id":"1522","country_id":"100","name":"Kepulauan Bangka Belitung","code":"BB","status":"1"},{"zone_id":"4235","country_id":"100","name":"Kepulauan Riau","code":"KR","status":"1"},{"zone_id":"1523","country_id":"100","name":"Lampung","code":"LA","status":"1"},{"zone_id":"1524","country_id":"100","name":"Maluku","code":"MA","status":"1"},{"zone_id":"1525","country_id":"100","name":"Maluku Utara","code":"MU","status":"1"},{"zone_id":"1526","country_id":"100","name":"Nusa Tenggara Barat","code":"NB","status":"1"},{"zone_id":"1527","country_id":"100","name":"Nusa Tenggara Timur","code":"NT","status":"1"},{"zone_id":"1528","country_id":"100","name":"Papua","code":"PA","status":"1"},{"zone_id":"4233","country_id":"100","name":"Papua Barat","code":"PB","status":"1"},{"zone_id":"1529","country_id":"100","name":"Riau","code":"RI","status":"1"},{"zone_id":"4234","country_id":"100","name":"Sulawesi Barat","code":"SR","status":"1"},{"zone_id":"1530","country_id":"100","name":"Sulawesi Selatan","code":"SN","status":"1"},{"zone_id":"1531","country_id":"100","name":"Sulawesi Tengah","code":"ST","status":"1"},{"zone_id":"1532","country_id":"100","name":"Sulawesi Tenggara","code":"SG","status":"1"},{"zone_id":"1533","country_id":"100","name":"Sulawesi Utara","code":"SA","status":"1"},{"zone_id":"1534","country_id":"100","name":"Sumatera Barat","code":"SB","status":"1"},{"zone_id":"1535","country_id":"100","name":"Sumatera Selatan","code":"SS","status":"1"},{"zone_id":"1536","country_id":"100","name":"Sumatera Utara","code":"SU","status":"1"},{"zone_id":"1537","country_id":"100","name":"Yogyakarta","code":"YO","status":"1"}],"country_id":"100","name":"Indonesia","iso_code_2":"ID","iso_code_3":"IDN","address_format_id":"1","postcode_required":"0","status":"1"}