{"zone":[{"zone_id":"571","country_id":"36","name":"Banteay Meanchey","code":"BM","status":"1"},{"zone_id":"572","country_id":"36","name":"Battambang","code":"BA","status":"1"},{"zone_id":"573","country_id":"36","name":"Kampong Cham","code":"KM","status":"1"},{"zone_id":"574","country_id":"36","name":"Kampong Chhnang","code":"KN","status":"1"},{"zone_id":"576","country_id":"36","name":"Kampong Som","code":"KO","status":"1"},{"zone_id":"575","country_id":"36","name":"Kampong Speu","code":"KU","status":"1"},{"zone_id":"577","country_id":"36","name":"Kampong Thom","code":"KT","status":"1"},{"zone_id":"578","country_id":"36","name":"Kampot","code":"KP","status":"1"},{"zone_id":"579","country_id":"36","name":"Kandal","code":"KL","status":"1"},{"zone_id":"580","country_id":"36","name":"Kaoh Kong","code":"KK","status":"1"},{"zone_id":"570","country_id":"36","name":"Keb","code":"KB","status":"1"},{"zone_id":"581","country_id":"36","name":"Kratie","code":"KR","status":"1"},{"zone_id":"582","country_id":"36","name":"Mondul Kiri","code":"MK","status":"1"},{"zone_id":"583","country_id":"36","name":"Oddar Meancheay","code":"OM","status":"1"},{"zone_id":"569","country_id":"36","name":"Pailin","code":"PA","status":"1"},{"zone_id":"567","country_id":"36","name":"Phnom Penh","code":"PP","status":"1"},{"zone_id":"568","country_id":"36","name":"Preah Seihanu (Kompong Som or Sihanoukville)","code":"PS","status":"1"},{"zone_id":"585","country_id":"36","name":"Preah Vihear","code":"PR","status":"1"},{"zone_id":"586","country_id":"36","name":"Prey Veng","code":"PG","status":"1"},{"zone_id":"584","country_id":"36","name":"Pursat","code":"PU","status":"1"},{"zone_id":"587","country_id":"36","name":"Ratanak Kiri","code":"RK","status":"1"},{"zone_id":"588","country_id":"36","name":"Siemreap","code":"SI","status":"1"},{"zone_id":"589","country_id":"36","name":"Stung Treng","code":"ST","status":"1"},{"zone_id":"590","country_id":"36","name":"Svay Rieng","code":"SR","status":"1"},{"zone_id":"591","country_id":"36","name":"Takeo","code":"TK","status":"1"}],"country_id":"36","name":"Cambodia","iso_code_2":"KH","iso_code_3":"KHM","address_format_id":"1","postcode_required":"0","status":"1"}