{"zone":[{"zone_id":"2183","country_id":"140","name":"Balti","code":"BA","status":"1"},{"zone_id":"2184","country_id":"140","name":"Cahul","code":"CA","status":"1"},{"zone_id":"2182","country_id":"140","name":"Chisinau","code":"CU","status":"1"},{"zone_id":"2185","country_id":"140","name":"Edinet","code":"ED","status":"1"},{"zone_id":"2181","country_id":"140","name":"Gagauzia","code":"GA","status":"1"},{"zone_id":"2186","country_id":"140","name":"Lapusna","code":"LA","status":"1"},{"zone_id":"2187","country_id":"140","name":"Orhei","code":"OR","status":"1"},{"zone_id":"2188","country_id":"140","name":"Soroca","code":"SO","status":"1"},{"zone_id":"2191","country_id":"140","name":"St\u201anga Nistrului","code":"SN","status":"1"},{"zone_id":"2189","country_id":"140","name":"Tighina","code":"TI","status":"1"},{"zone_id":"2190","country_id":"140","name":"Ungheni","code":"UN","status":"1"}],"country_id":"140","name":"Moldova, Republic of","iso_code_2":"MD","iso_code_3":"MDA","address_format_id":"1","postcode_required":"0","status":"1"}