{"zone":[{"zone_id":"2344","country_id":"153","name":"Auckland","code":"AUK","status":"1"},{"zone_id":"2345","country_id":"153","name":"Bay of Plenty","code":"BOP","status":"1"},{"zone_id":"2346","country_id":"153","name":"Canterbury","code":"CAN","status":"1"},{"zone_id":"2347","country_id":"153","name":"Coromandel","code":"COR","status":"1"},{"zone_id":"2349","country_id":"153","name":"Fiordland","code":"FIO","status":"1"},{"zone_id":"2348","country_id":"153","name":"Gisborne","code":"GIS","status":"1"},{"zone_id":"2350","country_id":"153","name":"Hawke's Bay","code":"HKB","status":"1"},{"zone_id":"2352","country_id":"153","name":"Manawatu-Wanganui","code":"MWT","status":"1"},{"zone_id":"2351","country_id":"153","name":"Marlborough","code":"MBH","status":"1"},{"zone_id":"2353","country_id":"153","name":"Mt Cook-Mackenzie","code":"MCM","status":"1"},{"zone_id":"2354","country_id":"153","name":"Nelson","code":"NSN","status":"1"},{"zone_id":"2355","country_id":"153","name":"Northland","code":"NTL","status":"1"},{"zone_id":"2356","country_id":"153","name":"Otago","code":"OTA","status":"1"},{"zone_id":"2357","country_id":"153","name":"Southland","code":"STL","status":"1"},{"zone_id":"2358","country_id":"153","name":"Taranaki","code":"TKI","status":"1"},{"zone_id":"2360","country_id":"153","name":"Waikato","code":"WKO","status":"1"},{"zone_id":"2361","country_id":"153","name":"Wairarapa","code":"WAI","status":"1"},{"zone_id":"2359","country_id":"153","name":"Wellington","code":"WGN","status":"1"},{"zone_id":"2362","country_id":"153","name":"West Coast","code":"WTC","status":"1"}],"country_id":"153","name":"New Zealand","iso_code_2":"NZ","iso_code_3":"NZL","address_format_id":"1","postcode_required":"0","status":"1"}