{"zone":[{"zone_id":"979","country_id":"62","name":"Azuay","code":"AZU","status":"1"},{"zone_id":"980","country_id":"62","name":"Bolivar","code":"BOL","status":"1"},{"zone_id":"981","country_id":"62","name":"Ca&ntilde;ar","code":"CAN","status":"1"},{"zone_id":"982","country_id":"62","name":"Carchi","code":"CAR","status":"1"},{"zone_id":"983","country_id":"62","name":"Chimborazo","code":"CHI","status":"1"},{"zone_id":"984","country_id":"62","name":"Cotopaxi","code":"COT","status":"1"},{"zone_id":"985","country_id":"62","name":"El Oro","code":"EOR","status":"1"},{"zone_id":"986","country_id":"62","name":"Esmeraldas","code":"ESM","status":"1"},{"zone_id":"987","country_id":"62","name":"Gal&aacute;pagos","code":"GPS","status":"1"},{"zone_id":"988","country_id":"62","name":"Guayas","code":"GUA","status":"1"},{"zone_id":"989","country_id":"62","name":"Imbabura","code":"IMB","status":"1"},{"zone_id":"990","country_id":"62","name":"Loja","code":"LOJ","status":"1"},{"zone_id":"991","country_id":"62","name":"Los Rios","code":"LRO","status":"1"},{"zone_id":"992","country_id":"62","name":"Manab&iacute;","code":"MAN","status":"1"},{"zone_id":"993","country_id":"62","name":"Morona Santiago","code":"MSA","status":"1"},{"zone_id":"994","country_id":"62","name":"Napo","code":"NAP","status":"1"},{"zone_id":"995","country_id":"62","name":"Orellana","code":"ORE","status":"1"},{"zone_id":"996","country_id":"62","name":"Pastaza","code":"PAS","status":"1"},{"zone_id":"997","country_id":"62","name":"Pichincha","code":"PIC","status":"1"},{"zone_id":"998","country_id":"62","name":"Sucumb&iacute;os","code":"SUC","status":"1"},{"zone_id":"999","country_id":"62","name":"Tungurahua","code":"TUN","status":"1"},{"zone_id":"1000","country_id":"62","name":"Zamora Chinchipe","code":"ZCH","status":"1"}],"country_id":"62","name":"Ecuador","iso_code_2":"EC","iso_code_3":"ECU","address_format_id":"1","postcode_required":"0","status":"1"}