{"zone":[{"zone_id":"966","country_id":"61","name":"Aileu","code":"AL","status":"1"},{"zone_id":"967","country_id":"61","name":"Ainaro","code":"AN","status":"1"},{"zone_id":"968","country_id":"61","name":"Baucau","code":"BA","status":"1"},{"zone_id":"969","country_id":"61","name":"Bobonaro","code":"BO","status":"1"},{"zone_id":"970","country_id":"61","name":"Cova Lima","code":"CO","status":"1"},{"zone_id":"971","country_id":"61","name":"Dili","code":"DI","status":"1"},{"zone_id":"972","country_id":"61","name":"Ermera","code":"ER","status":"1"},{"zone_id":"973","country_id":"61","name":"Lautem","code":"LA","status":"1"},{"zone_id":"974","country_id":"61","name":"Liquica","code":"LI","status":"1"},{"zone_id":"975","country_id":"61","name":"Manatuto","code":"MT","status":"1"},{"zone_id":"976","country_id":"61","name":"Manufahi","code":"MF","status":"1"},{"zone_id":"977","country_id":"61","name":"Oecussi","code":"OE","status":"1"},{"zone_id":"978","country_id":"61","name":"Viqueque","code":"VI","status":"1"}],"country_id":"61","name":"East Timor","iso_code_2":"TL","iso_code_3":"TLS","address_format_id":"1","postcode_required":"0","status":"1"}