{"zone":[{"zone_id":"2116","country_id":"135","name":"Adrar","code":"AD","status":"1"},{"zone_id":"2117","country_id":"135","name":"Assaba","code":"AS","status":"1"},{"zone_id":"2118","country_id":"135","name":"Brakna","code":"BR","status":"1"},{"zone_id":"2119","country_id":"135","name":"Dakhlet Nouadhibou","code":"DN","status":"1"},{"zone_id":"2120","country_id":"135","name":"Gorgol","code":"GO","status":"1"},{"zone_id":"2121","country_id":"135","name":"Guidimaka","code":"GM","status":"1"},{"zone_id":"2122","country_id":"135","name":"Hodh Ech Chargui","code":"HC","status":"1"},{"zone_id":"2123","country_id":"135","name":"Hodh El Gharbi","code":"HG","status":"1"},{"zone_id":"2124","country_id":"135","name":"Inchiri","code":"IN","status":"1"},{"zone_id":"2128","country_id":"135","name":"Nouakchott","code":"NO","status":"1"},{"zone_id":"2125","country_id":"135","name":"Tagant","code":"TA","status":"1"},{"zone_id":"2126","country_id":"135","name":"Tiris Zemmour","code":"TZ","status":"1"},{"zone_id":"2127","country_id":"135","name":"Trarza","code":"TR","status":"1"}],"country_id":"135","name":"Mauritania","iso_code_2":"MR","iso_code_3":"MRT","address_format_id":"1","postcode_required":"0","status":"1"}