{"zone":[{"zone_id":"3287","country_id":"213","name":"Arima","code":"AR","status":"1"},{"zone_id":"3289","country_id":"213","name":"Chaguanas","code":"CH","status":"1"},{"zone_id":"3276","country_id":"213","name":"Couva\/Tabaquite\/Talparo","code":"CT","status":"1"},{"zone_id":"3277","country_id":"213","name":"Diego Martin","code":"DM","status":"1"},{"zone_id":"3278","country_id":"213","name":"Mayaro\/Rio Claro","code":"MR","status":"1"},{"zone_id":"3279","country_id":"213","name":"Penal\/Debe","code":"PD","status":"1"},{"zone_id":"3288","country_id":"213","name":"Point Fortin","code":"PF","status":"1"},{"zone_id":"3285","country_id":"213","name":"Port of Spain","code":"PS","status":"1"},{"zone_id":"3280","country_id":"213","name":"Princes Town","code":"PT","status":"1"},{"zone_id":"3286","country_id":"213","name":"San Fernando","code":"SF","status":"1"},{"zone_id":"3282","country_id":"213","name":"San Juan\/Laventille","code":"SL","status":"1"},{"zone_id":"3281","country_id":"213","name":"Sangre Grande","code":"SG","status":"1"},{"zone_id":"3283","country_id":"213","name":"Siparia","code":"SI","status":"1"},{"zone_id":"3290","country_id":"213","name":"Tobago","code":"TO","status":"1"},{"zone_id":"3284","country_id":"213","name":"Tunapuna\/Piarco","code":"TP","status":"1"}],"country_id":"213","name":"Trinidad and Tobago","iso_code_2":"TT","iso_code_3":"TTO","address_format_id":"1","postcode_required":"0","status":"1"}