{"zone":[{"zone_id":"2363","country_id":"154","name":"Atlantico Norte","code":"AN","status":"1"},{"zone_id":"2364","country_id":"154","name":"Atlantico Sur","code":"AS","status":"1"},{"zone_id":"2365","country_id":"154","name":"Boaco","code":"BO","status":"1"},{"zone_id":"2366","country_id":"154","name":"Carazo","code":"CA","status":"1"},{"zone_id":"2367","country_id":"154","name":"Chinandega","code":"CI","status":"1"},{"zone_id":"2368","country_id":"154","name":"Chontales","code":"CO","status":"1"},{"zone_id":"2369","country_id":"154","name":"Esteli","code":"ES","status":"1"},{"zone_id":"2370","country_id":"154","name":"Granada","code":"GR","status":"1"},{"zone_id":"2371","country_id":"154","name":"Jinotega","code":"JI","status":"1"},{"zone_id":"2372","country_id":"154","name":"Leon","code":"LE","status":"1"},{"zone_id":"2373","country_id":"154","name":"Madriz","code":"MD","status":"1"},{"zone_id":"2374","country_id":"154","name":"Managua","code":"MN","status":"1"},{"zone_id":"2375","country_id":"154","name":"Masaya","code":"MS","status":"1"},{"zone_id":"2376","country_id":"154","name":"Matagalpa","code":"MT","status":"1"},{"zone_id":"2377","country_id":"154","name":"Nuevo Segovia","code":"NS","status":"1"},{"zone_id":"2378","country_id":"154","name":"Rio San Juan","code":"RS","status":"1"},{"zone_id":"2379","country_id":"154","name":"Rivas","code":"RI","status":"1"}],"country_id":"154","name":"Nicaragua","iso_code_2":"NI","iso_code_3":"NIC","address_format_id":"1","postcode_required":"0","status":"1"}