{"zone":[{"zone_id":"3095","country_id":"204","name":"Aargau","code":"AG","status":"1"},{"zone_id":"3096","country_id":"204","name":"Appenzell Ausserrhoden","code":"AR","status":"1"},{"zone_id":"3097","country_id":"204","name":"Appenzell Innerrhoden","code":"AI","status":"1"},{"zone_id":"3099","country_id":"204","name":"Basel-Landschaft","code":"BL","status":"1"},{"zone_id":"3098","country_id":"204","name":"Basel-Stadt","code":"BS","status":"1"},{"zone_id":"3100","country_id":"204","name":"Bern","code":"BE","status":"1"},{"zone_id":"3101","country_id":"204","name":"Fribourg","code":"FR","status":"1"},{"zone_id":"3102","country_id":"204","name":"Gen&egrave;ve","code":"GE","status":"1"},{"zone_id":"3103","country_id":"204","name":"Glarus","code":"GL","status":"1"},{"zone_id":"3104","country_id":"204","name":"Graub\u00fcnden","code":"GR","status":"1"},{"zone_id":"3105","country_id":"204","name":"Jura","code":"JU","status":"1"},{"zone_id":"3106","country_id":"204","name":"Luzern","code":"LU","status":"1"},{"zone_id":"3107","country_id":"204","name":"Neuch&acirc;tel","code":"NE","status":"1"},{"zone_id":"3108","country_id":"204","name":"Nidwald","code":"NW","status":"1"},{"zone_id":"3109","country_id":"204","name":"Obwald","code":"OW","status":"1"},{"zone_id":"3111","country_id":"204","name":"Schaffhausen","code":"SH","status":"1"},{"zone_id":"4434","country_id":"204","name":"Schaffhausen, B\u00fcsingen","code":"SH-E01","status":"1"},{"zone_id":"3112","country_id":"204","name":"Schwyz","code":"SZ","status":"1"},{"zone_id":"3113","country_id":"204","name":"Solothurn","code":"SO","status":"1"},{"zone_id":"3110","country_id":"204","name":"St. Gallen","code":"SG","status":"1"},{"zone_id":"3114","country_id":"204","name":"Thurgau","code":"TG","status":"1"},{"zone_id":"3115","country_id":"204","name":"Ticino","code":"TI","status":"1"},{"zone_id":"3116","country_id":"204","name":"Uri","code":"UR","status":"1"},{"zone_id":"3117","country_id":"204","name":"Valais","code":"VS","status":"1"},{"zone_id":"3118","country_id":"204","name":"Vaud","code":"VD","status":"1"},{"zone_id":"3119","country_id":"204","name":"Zug","code":"ZG","status":"1"},{"zone_id":"3120","country_id":"204","name":"Z\u00fcrich","code":"ZH","status":"1"}],"country_id":"204","name":"Switzerland","iso_code_2":"CH","iso_code_3":"CHE","address_format_id":"1","postcode_required":"0","status":"1"}