{"zone":[{"zone_id":"1971","country_id":"129","name":"Johor","code":"MY-01","status":"1"},{"zone_id":"1972","country_id":"129","name":"Kedah","code":"MY-02","status":"1"},{"zone_id":"1973","country_id":"129","name":"Kelantan","code":"MY-03","status":"1"},{"zone_id":"1985","country_id":"129","name":"Kuala Lumpur","code":"MY-14","status":"1"},{"zone_id":"1974","country_id":"129","name":"Labuan","code":"MY-15","status":"1"},{"zone_id":"1975","country_id":"129","name":"Melaka","code":"MY-04","status":"1"},{"zone_id":"1976","country_id":"129","name":"Negeri Sembilan","code":"MY-05","status":"1"},{"zone_id":"1977","country_id":"129","name":"Pahang","code":"MY-06","status":"1"},{"zone_id":"1978","country_id":"129","name":"Perak","code":"MY-08","status":"1"},{"zone_id":"1979","country_id":"129","name":"Perlis","code":"MY-09","status":"1"},{"zone_id":"1980","country_id":"129","name":"Pulau Pinang","code":"MY-07","status":"1"},{"zone_id":"4035","country_id":"129","name":"Putrajaya","code":"MY-16","status":"1"},{"zone_id":"1981","country_id":"129","name":"Sabah","code":"MY-12","status":"1"},{"zone_id":"1982","country_id":"129","name":"Sarawak","code":"MY-13","status":"1"},{"zone_id":"1983","country_id":"129","name":"Selangor","code":"MY-10","status":"1"},{"zone_id":"1984","country_id":"129","name":"Terengganu","code":"MY-11","status":"1"}],"country_id":"129","name":"Malaysia","iso_code_2":"MY","iso_code_3":"MYS","address_format_id":"1","postcode_required":"0","status":"1"}