{"country_id":"71","iso_code_2":"FJ","iso_code_3":"FJI","address_format_id":"1","postcode_required":"0","status":"1","language_id":"1","name":"Fiji","zone":[{"zone_id":"1080","country_id":"71","code":"C","status":"1","language_id":"1","name":"Central Division","country":"Fiji"},{"zone_id":"1082","country_id":"71","code":"E","status":"1","language_id":"1","name":"Eastern Division","country":"Fiji"},{"zone_id":"1081","country_id":"71","code":"N","status":"1","language_id":"1","name":"Northern Division","country":"Fiji"},{"zone_id":"1084","country_id":"71","code":"R","status":"1","language_id":"1","name":"Rotuma","country":"Fiji"},{"zone_id":"1083","country_id":"71","code":"W","status":"1","language_id":"1","name":"Western Division","country":"Fiji"}]}