{"country_id":"116","iso_code_2":"LA","iso_code_3":"LAO","address_format_id":"1","postcode_required":"0","status":"1","language_id":"1","name":"Lao People's Democratic Republic (the)","zone":[{"zone_id":"1802","country_id":"116","code":"AT","status":"1","language_id":"1","name":"Attapu","country":"Lao People's Democratic Republic (the)"},{"zone_id":"1803","country_id":"116","code":"BK","status":"1","language_id":"1","name":"Bokeo","country":"Lao People's Democratic Republic (the)"},{"zone_id":"1804","country_id":"116","code":"BL","status":"1","language_id":"1","name":"Bolikhamxai","country":"Lao People's Democratic Republic (the)"},{"zone_id":"1805","country_id":"116","code":"CH","status":"1","language_id":"1","name":"Champasak","country":"Lao People's Democratic Republic (the)"},{"zone_id":"1806","country_id":"116","code":"HO","status":"1","language_id":"1","name":"Houaphan","country":"Lao People's Democratic Republic (the)"},{"zone_id":"1807","country_id":"116","code":"KH","status":"1","language_id":"1","name":"Khammouan","country":"Lao People's Democratic Republic (the)"},{"zone_id":"1808","country_id":"116","code":"LM","status":"1","language_id":"1","name":"Louang Namtha","country":"Lao People's Democratic Republic (the)"},{"zone_id":"1809","country_id":"116","code":"LP","status":"1","language_id":"1","name":"Louangphabang","country":"Lao People's Democratic Republic (the)"},{"zone_id":"1810","country_id":"116","code":"OU","status":"1","language_id":"1","name":"Oudomxai","country":"Lao People's Democratic Republic (the)"},{"zone_id":"1811","country_id":"116","code":"PH","status":"1","language_id":"1","name":"Phongsali","country":"Lao People's Democratic Republic (the)"},{"zone_id":"1812","country_id":"116","code":"SL","status":"1","language_id":"1","name":"Salavan","country":"Lao People's Democratic Republic (the)"},{"zone_id":"1813","country_id":"116","code":"SV","status":"1","language_id":"1","name":"Savannakhet","country":"Lao People's Democratic Republic (the)"},{"zone_id":"1801","country_id":"116","code":"VT","status":"1","language_id":"1","name":"Vientiane","country":"Lao People's Democratic Republic (the)"},{"zone_id":"1814","country_id":"116","code":"VI","status":"1","language_id":"1","name":"Vientiane","country":"Lao People's Democratic Republic (the)"},{"zone_id":"1815","country_id":"116","code":"XA","status":"1","language_id":"1","name":"Xaignabouli","country":"Lao People's Democratic Republic (the)"},{"zone_id":"1818","country_id":"116","code":"XN","status":"1","language_id":"1","name":"Xaisomboun","country":"Lao People's Democratic Republic (the)"},{"zone_id":"1816","country_id":"116","code":"XE","status":"1","language_id":"1","name":"Xekong","country":"Lao People's Democratic Republic (the)"},{"zone_id":"1817","country_id":"116","code":"XI","status":"1","language_id":"1","name":"Xiangkhoang","country":"Lao People's Democratic Republic (the)"}]}