{"country_id":"31","iso_code_2":"IO","iso_code_3":"IOT","address_format_id":"1","postcode_required":"0","status":"1","language_id":"1","name":"British Indian Ocean Territory","zone":[{"zone_id":"472","country_id":"31","code":"DI","status":"1","language_id":"1","name":"Danger Island","country":"British Indian Ocean Territory"},{"zone_id":"474","country_id":"31","code":"DG","status":"1","language_id":"1","name":"Diego Garcia","country":"British Indian Ocean Territory"},{"zone_id":"471","country_id":"31","code":"EA","status":"1","language_id":"1","name":"Eagle Islands","country":"British Indian Ocean Territory"},{"zone_id":"473","country_id":"31","code":"EG","status":"1","language_id":"1","name":"Egmont Islands","country":"British Indian Ocean Territory"},{"zone_id":"469","country_id":"31","code":"NI","status":"1","language_id":"1","name":"Nelsons Island","country":"British Indian Ocean Territory"},{"zone_id":"467","country_id":"31","code":"PB","status":"1","language_id":"1","name":"Peros Banhos","country":"British Indian Ocean Territory"},{"zone_id":"468","country_id":"31","code":"SI","status":"1","language_id":"1","name":"Salomon Islands","country":"British Indian Ocean Territory"},{"zone_id":"470","country_id":"31","code":"TB","status":"1","language_id":"1","name":"Three Brothers","country":"British Indian Ocean Territory"}]}