{"country_id":"206","language_id":"1","name":"Taiwan","iso_code_2":"TW","iso_code_3":"TWN","address_format_id":"1","postcode_required":"0","status":"1","zone":[{"zone_id":"3135","country_id":"206","code":"CH","status":"1","language_id":"1","name":"Chang-hua"},{"zone_id":"3154","country_id":"206","code":"CL","status":"1","language_id":"1","name":"Chi-lung"},{"zone_id":"3136","country_id":"206","code":"CI","status":"1","language_id":"1","name":"Chia-i"},{"zone_id":"3153","country_id":"206","code":"CC","status":"1","language_id":"1","name":"Chia-i city"},{"zone_id":"3155","country_id":"206","code":"HC","status":"1","language_id":"1","name":"Hsin-chu"},{"zone_id":"3137","country_id":"206","code":"HS","status":"1","language_id":"1","name":"Hsin-chu"},{"zone_id":"3138","country_id":"206","code":"HL","status":"1","language_id":"1","name":"Hua-lien"},{"zone_id":"3139","country_id":"206","code":"IL","status":"1","language_id":"1","name":"I-lan"},{"zone_id":"3158","country_id":"206","code":"KC","status":"1","language_id":"1","name":"Kao-hsiung city"},{"zone_id":"3140","country_id":"206","code":"KH","status":"1","language_id":"1","name":"Kao-hsiung county"},{"zone_id":"3141","country_id":"206","code":"KM","status":"1","language_id":"1","name":"Kin-men"},{"zone_id":"3142","country_id":"206","code":"LC","status":"1","language_id":"1","name":"Lien-chiang"},{"zone_id":"3143","country_id":"206","code":"ML","status":"1","language_id":"1","name":"Miao-li"},{"zone_id":"3144","country_id":"206","code":"NT","status":"1","language_id":"1","name":"Nan-t'ou"},{"zone_id":"3145","country_id":"206","code":"PH","status":"1","language_id":"1","name":"P'eng-hu"},{"zone_id":"3146","country_id":"206","code":"PT","status":"1","language_id":"1","name":"P'ing-tung"},{"zone_id":"3147","country_id":"206","code":"TG","status":"1","language_id":"1","name":"T'ai-chung"},{"zone_id":"3156","country_id":"206","code":"TH","status":"1","language_id":"1","name":"T'ai-chung"},{"zone_id":"3148","country_id":"206","code":"TA","status":"1","language_id":"1","name":"T'ai-nan"},{"zone_id":"3157","country_id":"206","code":"TN","status":"1","language_id":"1","name":"T'ai-nan"},{"zone_id":"3159","country_id":"206","code":"TC","status":"1","language_id":"1","name":"T'ai-pei city"},{"zone_id":"3149","country_id":"206","code":"TP","status":"1","language_id":"1","name":"T'ai-pei county"},{"zone_id":"3150","country_id":"206","code":"TT","status":"1","language_id":"1","name":"T'ai-tung"},{"zone_id":"3151","country_id":"206","code":"TY","status":"1","language_id":"1","name":"T'ao-yuan"},{"zone_id":"3152","country_id":"206","code":"YL","status":"1","language_id":"1","name":"Yun-lin"}]}