{"country_id":"160","iso_code_2":"NO","iso_code_3":"NOR","address_format_id":"1","postcode_required":"0","status":"1","language_id":"1","name":"Norway","zone":[{"zone_id":"2429","country_id":"160","code":"AK","status":"1","language_id":"1","name":"Akershus","country":"Norway"},{"zone_id":"2430","country_id":"160","code":"AA","status":"1","language_id":"1","name":"Aust-Agder","country":"Norway"},{"zone_id":"2431","country_id":"160","code":"BU","status":"1","language_id":"1","name":"Buskerud","country":"Norway"},{"zone_id":"2432","country_id":"160","code":"FM","status":"1","language_id":"1","name":"Finnmark","country":"Norway"},{"zone_id":"2433","country_id":"160","code":"HM","status":"1","language_id":"1","name":"Hedmark","country":"Norway"},{"zone_id":"2434","country_id":"160","code":"HL","status":"1","language_id":"1","name":"Hordaland","country":"Norway"},{"zone_id":"2435","country_id":"160","code":"MR","status":"1","language_id":"1","name":"More og Romdal","country":"Norway"},{"zone_id":"2436","country_id":"160","code":"NT","status":"1","language_id":"1","name":"Nord-Trondelag","country":"Norway"},{"zone_id":"2437","country_id":"160","code":"NL","status":"1","language_id":"1","name":"Nordland","country":"Norway"},{"zone_id":"2439","country_id":"160","code":"OP","status":"1","language_id":"1","name":"Oppland","country":"Norway"},{"zone_id":"2440","country_id":"160","code":"OL","status":"1","language_id":"1","name":"Oslo","country":"Norway"},{"zone_id":"2438","country_id":"160","code":"OF","status":"1","language_id":"1","name":"Ostfold","country":"Norway"},{"zone_id":"2441","country_id":"160","code":"RL","status":"1","language_id":"1","name":"Rogaland","country":"Norway"},{"zone_id":"2443","country_id":"160","code":"SJ","status":"1","language_id":"1","name":"Sogn og Fjordane","country":"Norway"},{"zone_id":"2442","country_id":"160","code":"ST","status":"1","language_id":"1","name":"Sor-Trondelag","country":"Norway"},{"zone_id":"2444","country_id":"160","code":"SV","status":"1","language_id":"1","name":"Svalbard","country":"Norway"},{"zone_id":"2445","country_id":"160","code":"TM","status":"1","language_id":"1","name":"Telemark","country":"Norway"},{"zone_id":"2446","country_id":"160","code":"TR","status":"1","language_id":"1","name":"Troms","country":"Norway"},{"zone_id":"2447","country_id":"160","code":"VA","status":"1","language_id":"1","name":"Vest-Agder","country":"Norway"},{"zone_id":"2448","country_id":"160","code":"VF","status":"1","language_id":"1","name":"Vestfold","country":"Norway"}]}